[
 {
  "pk": 1,
  "model": "peach3.filetype",
  "fields": {
   "mimetypes": "",
   "default_name": "Plain text",
   "lexer": "Text only",
   "default_language": "en",
   "base_type": true,
   "namepatterns": "*.txt",
   "validators": [
    2
   ],
   "iconcls": "ico-file-text",
   "binary_content": false,
   "lexer_parameters": ""
  }
 },
 {
  "pk": 2,
  "model": "peach3.filetype",
  "fields": {
   "mimetypes": "",
   "default_name": "Raw binary",
   "lexer": "",
   "default_language": "en",
   "base_type": true,
   "namepatterns": "",
   "validators": [],
   "iconcls": "",
   "binary_content": true,
   "lexer_parameters": ""
  }
 },
 {
  "pk": 3,
  "model": "peach3.filetype",
  "fields": {
   "mimetypes": "application/x-python-source\r\napplication/x-python\r\napplication/python\r\ntext/x-python-source\r\ntext/x-python\r\ntext/python\r\n",
   "default_name": "Python",
   "lexer": "Python",
   "default_language": "en",
   "base_type": false,
   "namepatterns": "*.py",
   "validators": [],
   "iconcls": "",
   "binary_content": false,
   "lexer_parameters": ""
  }
 }
]
