[
 {
  "pk": 1,
  "model": "peach3.gradingsystem",
  "fields": {
   "default_name": "Accept/Reject",
   "default_language": "en"
  }
 },
 {
  "pk": 2,
  "model": "peach3.gradingsystem",
  "fields": {
   "default_name": "Dutch 10 point",
   "default_language": "en"
  }
 },
 {
  "pk": 1,
  "model": "peach3.grade",
  "fields": {
   "default_language": "en",
   "default_name": "Accepted",
   "value_high": null,
   "system": 1,
   "value_low": "1.00",
   "passing": true,
   "icon": "accepted"
  }
 },
 {
  "pk": 2,
  "model": "peach3.grade",
  "fields": {
   "default_language": "en",
   "default_name": "Rejected",
   "value_high": null,
   "system": 1,
   "value_low": "0.00",
   "passing": false,
   "icon": "rejected"
  }
 },
 {
  "pk": 3,
  "model": "peach3.grade",
  "fields": {
   "default_language": "en",
   "default_name": "0",
   "value_high": null,
   "system": 2,
   "value_low": "0.00",
   "passing": false,
   "icon": "rejected"
  }
 },
 {
  "pk": 4,
  "model": "peach3.grade",
  "fields": {
   "default_language": "en",
   "default_name": "1",
   "value_high": null,
   "system": 2,
   "value_low": "10.00",
   "passing": false,
   "icon": "rejected"
  }
 },
 {
  "pk": 5,
  "model": "peach3.grade",
  "fields": {
   "default_language": "en",
   "default_name": "2",
   "value_high": null,
   "system": 2,
   "value_low": "20.00",
   "passing": false,
   "icon": "rejected"
  }
 },
 {
  "pk": 6,
  "model": "peach3.grade",
  "fields": {
   "default_language": "en",
   "default_name": "3",
   "value_high": null,
   "system": 2,
   "value_low": "30.00",
   "passing": false,
   "icon": "rejected"
  }
 },
 {
  "pk": 7,
  "model": "peach3.grade",
  "fields": {
   "default_language": "en",
   "default_name": "4",
   "value_high": null,
   "system": 2,
   "value_low": "40.00",
   "passing": false,
   "icon": "rejected"
  }
 },
 {
  "pk": 8,
  "model": "peach3.grade",
  "fields": {
   "default_language": "en",
   "default_name": "5",
   "value_high": null,
   "system": 2,
   "value_low": "50.00",
   "passing": false,
   "icon": "rejected"
  }
 },
 {
  "pk": 9,
  "model": "peach3.grade",
  "fields": {
   "default_language": "en",
   "default_name": "6",
   "value_high": null,
   "system": 2,
   "value_low": "60.00",
   "passing": true,
   "icon": "accepted"
  }
 },
 {
  "pk": 10,
  "model": "peach3.grade",
  "fields": {
   "default_language": "en",
   "default_name": "7",
   "value_high": null,
   "system": 2,
   "value_low": "70.00",
   "passing": true,
   "icon": "accepted"
  }
 },
 {
  "pk": 11,
  "model": "peach3.grade",
  "fields": {
   "default_language": "en",
   "default_name": "8",
   "value_high": null,
   "system": 2,
   "value_low": "80.00",
   "passing": true,
   "icon": "accepted"
  }
 },
 {
  "pk": 12,
  "model": "peach3.grade",
  "fields": {
   "default_language": "en",
   "default_name": "9",
   "value_high": null,
   "system": 2,
   "value_low": "90.00",
   "passing": true,
   "icon": "accepted"
  }
 },
 {
  "pk": 13,
  "model": "peach3.grade",
  "fields": {
   "default_language": "en",
   "default_name": "10",
   "value_high": null,
   "system": 2,
   "value_low": "100.00",
   "passing": true,
   "icon": "accepted"
  }
 }
]