Baldor,sqone,24318,EBM3558T,960.31,999.47
Baldor,sqone,24226,CEM3774T,1674.09,1110.72
Baldor,sqone,23989,UCLE1015,1232.65,1254.01
Baldor,sqone,23994,EBM3611T,1176.58,1294.95
Baldor,sqone,24196,D1154,63.72,1116.95
Baldor,sqone,24395,CEWDM3611T,899.19,898.90
Baldor,sqone,24469,UCME1014,812.57,839.27
Baldor,sqone,24503,UCLE7510,970.99,809.90
Baldor,walkeremd,21759,GHF4032BH,2903.35,1037.13
Baldor,walkeremd,21765,GHF3032BH,2903.35,1037.13
Baldor,walkeremd,21800,GF5032AG,1248.32,872.95
Baldor,walkeremd,21802,GF6032AG,1168.73,872.95
Baldor,sqone,24621,D1152,58.33,809.01
Baldor,sqone,24639,UCLE570,714.67,748.49
Baldor,sqone,24729,D1151,74.44,756.50
Baldor,sqone,24824,L3605,724.46,676.40
Baldor,sqone,24848,VEM3665T,688.86,674.62
Baldor,sqone,24851,VEM3661T,688.86,673.73
Baldor,walkeremd,22692,DMG2333,15931.75,15312.60
Baldor,sqone,24902,VL5005A,409.83,639.91
Baldor,walkeremd,22743,DMG2325,12699.40,12075.24
Baldor,walkeremd,22759,DMG2320,11671.67,11043.12
Baldor,walkeremd,22789,DMG2315,10455.31,10087.45
Baldor,walkeremd,22825,ECP84313T-4,8709.41,8022.59
Baldor,walkeremd,22843,ECP84316T-4,8221.24,7531.91
Baldor,walkeremd,22854,ECP84310T-4,7930.47,7243.01
Baldor,sqone,24968,L5005A,395.01,616.77
Baldor,sqone,24971,UCLE3145,580.28,614.99
Baldor,walkeremd,22870,EM7064T,8523.29,7007.17
Baldor,walkeremd,22895,EM2559T-4,7506.21,6887.69
Baldor,walkeremd,22898,EM4313T,7189.12,6584.39
Baldor,walkeremd,22899,EM4316T,6702.20,5701.19
Baldor,walkeremd,22903,EM2554T-4,7950.52,6663.35
Baldor,walkeremd,22909,ECP84314T-4,7165.31,6476.60
Baldor,walkeremd,22945,EM7062T,7495.56,6036.68
Baldor,walkeremd,22963,EM4310T,6265.41,5660.05
Baldor,walkeremd,22970,EM4314T,5725.23,4875.72
Baldor,walkeremd,22976,D2015P,6553.68,6179.56
Baldor,walkeremd,22986,DMG2310,6385.73,6009.11
Baldor,walkeremd,23018,EM2544T,5055.95,4788.36
Baldor,walkeremd,23026,ECP84114T-4,5534.09,4901.16
Baldor,walkeremd,23030,ECP84115T-4,5508.40,4877.35
Baldor,walkeremd,23031,ECP84115T-5,5508.40,4877.35
Baldor,walkeremd,23035,EM2551T,4926.23,4825.96
Baldor,walkeremd,23051,ECP84109T-4,5329.80,4698.75
Baldor,walkeremd,23059,D2010P,5535.97,5162.48
Baldor,walkeremd,23079,EM7060T,5619.32,4504.48
Baldor,walkeremd,23083,ECP4115T,4976.36,4401.71
Baldor,walkeremd,23103,EM2540T,4176.11,3964.92
Baldor,walkeremd,23108,ECP84110T-4,4785.85,4154.17
Baldor,walkeremd,23109,ECP84110T-5,4785.85,4154.17
Baldor,walkeremd,23127,D2007P,4679.95,4548.35
Baldor,walkeremd,23130,EM4114T,4583.44,4028.84
Baldor,sqone,25050,VM3614,522.43,650.59
Baldor,walkeremd,23139,M4104,5378.68,4265.09
Baldor,walkeremd,23144,EM2547T,4014.43,3931.71
Baldor,walkeremd,23151,EM4115T,3971.81,3388.79
Baldor,walkeremd,23162,JMM4115T,4753.27,4008.16
Baldor,walkeremd,23163,JPM4115T,4753.27,4008.16
Baldor,walkeremd,23172,ECP4110T,4324.63,3749.97
Baldor,walkeremd,23180,EM7058T,4842.25,3694.83
Baldor,walkeremd,23183,JMM4114T,4670.55,3869.04
Baldor,walkeremd,23184,JPM4114T,4670.55,3869.04
Baldor,walkeremd,23185,EM4109T,4238.15,3682.92
Baldor,walkeremd,23204,EM4110T,3639.68,3101.24
Baldor,walkeremd,23226,ECP84108T-4,4007.53,3434.13
Baldor,walkeremd,23227,M4107,2783.03,3672.27
Baldor,walkeremd,23237,JMM4109T,3859.64,3547.56
Baldor,walkeremd,23238,JPM4109T,3859.64,3547.56
Baldor,walkeremd,23243,M4103,4760.79,3595.81
Baldor,walkeremd,23247,D2005P,4043.88,3911.65
Baldor,walkeremd,23251,M2535,2685.89,3562.60
Baldor,walkeremd,23264,JMM4110T,3954.27,3419.09
Baldor,walkeremd,23265,JPM4110T,3954.27,3419.09
Baldor,walkeremd,23284,EM2543T,3189.11,3122.68
Baldor,walkeremd,23289,ECP84104T-4,3692.32,3120.17
Baldor,walkeremd,23290,ECP84104T-5,3692.32,3120.17
Baldor,walkeremd,23292,JMM2543T,3775.67,3261.80
Baldor,walkeremd,23293,JPM2543T,3775.67,3261.80
Baldor,walkeremd,23302,EM7056T,3954.27,3045.60
Baldor,walkeremd,23309,M2531,2242.21,3246.76
Baldor,walkeremd,23314,EM2542T,3394.03,2992.96
Baldor,walkeremd,23319,JMM2542T,3578.27,3131.45
Baldor,walkeremd,23320,JPM2542T,3578.27,3131.45
Baldor,walkeremd,23323,M4115T-8,4002.52,2963.51
Baldor,walkeremd,23346,M4110T-8,3662.87,2862.61
Baldor,walkeremd,23348,ECP84107T-4,3440.40,2867.00
Baldor,walkeremd,23349,ECP4104T,3387.76,2866.37
Baldor,walkeremd,23350,ECP4104T-4,3387.76,2866.37
Baldor,walkeremd,23357,EBM3714T,2734.77,2928.41
Baldor,walkeremd,23360,EM2539T,2886.43,2830.03
Baldor,sqone,25174,VM3613,562.48,534.89
Baldor,walkeremd,23365,JMM4108T,3408.44,2955.36
Baldor,walkeremd,23366,JPM4108T,3408.44,2955.36
Baldor,sqone,25182,UCL153,600.75,545.57
Baldor,walkeremd,23387,M2543T-8,3030.72,2739.79
Baldor,walkeremd,23389,EM2538T,2995.47,2747.93
Baldor,walkeremd,23390,JMM2538T,3174.07,2878.28
Baldor,walkeremd,23391,JPM2538T,3174.07,2878.28
Baldor,walkeremd,23394,EM4104T,2729.76,2371.44
Baldor,walkeremd,23395,JMM2539T,3264.93,2867.00
Baldor,walkeremd,23396,JPM2539T,3264.93,2867.00
Baldor,walkeremd,23402,M2334,3734.93,2893.95
Baldor,walkeremd,23407,EM4108T,3105.13,2687.15
Baldor,walkeremd,23413,M1763T,3859.01,2598.79
Baldor,walkeremd,23421,ECP84103T-4,3224.20,2649.55
Baldor,walkeremd,23422,ECP84103T-5,3224.20,2649.55
Baldor,walkeremd,23429,L5020,2676.49,2596.28
Baldor,walkeremd,23440,JMM4104T,3041.84,2715.35
Baldor,walkeremd,23441,JPM4104T,3041.84,2715.35
Baldor,walkeremd,23480,ECP4103T,2935.31,2413.92
Baldor,walkeremd,23481,ECP4103T-4,2935.31,2413.92
Baldor,walkeremd,23498,M2332,3269.95,2527.35
Baldor,walkeremd,23501,EM7054T,3336.37,2350.63
Baldor,walkeremd,23502,ECP84106T-4,2522.33,2344.99
Baldor,walkeremd,23507,M2539T-8,2470.39,2334.33
Baldor,walkeremd,23521,M2538T-8,2816.87,2309.27
Baldor,walkeremd,23529,M1762T,3316.95,2239.71
Baldor,walkeremd,23530,EM4103T,2344.99,1999.16
Baldor,walkeremd,23531,EBM3710T,2237.20,2368.80
Baldor,walkeremd,23542,EM4107T,2783.03,2261.64
Baldor,walkeremd,23545,M2333,3097.61,2418.31
Baldor,walkeremd,23568,M4106,2289.84,2355.64
Baldor,walkeremd,23580,EM2535T,2213.39,2169.52
Baldor,walkeremd,23583,EJMM2334T,2323.68,2166.39
Baldor,walkeremd,23585,M4104T-8,2801.20,2157.61
Baldor,walkeremd,23590,JMM4107T,2478.47,2257.88
Baldor,walkeremd,23591,JPM4107T,2478.47,2257.88
Baldor,walkeremd,23600,EJMM4106T,2289.84,2133.17
Baldor,walkeremd,23613,JMM2535T,2685.89,2211.51
Baldor,walkeremd,23614,JPM2535T,2685.89,2211.51
Baldor,walkeremd,23615,EM7170T,2017.24,1927.00
Baldor,walkeremd,23616,JMM4103T,2567.45,2203.36
Baldor,walkeremd,23617,JPM4103T,2567.45,2203.36
Baldor,sqone,25321,VM3610,493.95,560.70
Baldor,walkeremd,23631,L5018,2102.47,2041.05
Baldor,walkeremd,23637,ECP82394T-4,2224.04,2045.44
Baldor,walkeremd,23638,ECP82334T-4,2297.36,2042.93
Baldor,walkeremd,23639,ECP82334T-5,2297.36,2042.93
Baldor,walkeremd,23667,EM2531T,2022.25,1984.03
Baldor,walkeremd,23678,M1761T,2745.43,1894.41
Baldor,walkeremd,23682,EJMM2394T,2093.69,1937.03
Baldor,walkeremd,23689,M2523,1140.89,2066.12
Baldor,walkeremd,23692,EJMM2333T,2076.77,1920.11
Baldor,walkeremd,23695,JMM4106T,2289.84,2010.35
Baldor,walkeremd,23696,JPM4106T,2133.17,2010.35
Baldor,walkeremd,23701,ECP82333T-4,2171.40,1889.40
Baldor,walkeremd,23702,ECP82333T-5,2171.40,1889.40
Baldor,walkeremd,23709,JMM2534T,2636.39,1959.59
Baldor,walkeremd,23710,JPM2534T,2636.39,1959.59
Baldor,walkeremd,23721,M2276,2664.59,1978.39
Baldor,walkeremd,23723,ECP2334T,2178.29,1844.91
Baldor,walkeremd,23724,ECP2334T-4,2178.29,1844.91
Baldor,walkeremd,23735,M2535T-8,1898.57,1831.12
Baldor,walkeremd,23736,JMM2531T,2242.21,1928.88
Baldor,walkeremd,23737,JPM2531T,2242.21,1928.88
Baldor,walkeremd,23739,M4103T-8,2360.65,1826.73
Baldor,walkeremd,23751,JMM2516T,2074.27,1910.71
Baldor,walkeremd,23752,JPM2516T,2074.27,1910.71
Baldor,walkeremd,23753,EM2516T,2008.47,1807.31
Baldor,walkeremd,23763,JMM2334T,2323.68,1885.64
Baldor,walkeremd,23764,JPM2334T,2166.39,1885.64
Baldor,walkeremd,23782,EM2334T,1795.40,1528.48
Baldor,walkeremd,23788,JMM2394T,2093.69,1826.73
Baldor,walkeremd,23789,JPM2394T,1937.03,1826.73
Baldor,walkeremd,23790,EM4106T,2108.73,1733.36
Baldor,walkeremd,23800,ECP2333T,2095.57,1720.20
Baldor,walkeremd,23801,ECP2333T-4,2095.57,1720.20
Baldor,sqone,25423,M3610,557.34,465.47
Baldor,walkeremd,23812,JMM2333T,2076.77,1780.99
Baldor,walkeremd,23814,JPM2333T,1920.11,1780.99
Baldor,walkeremd,23841,M2238,2229.68,1756.55
Baldor,walkeremd,23850,EM2515T,1658.79,1627.45
Baldor,walkeremd,23884,EM2394T,1954.57,1579.20
Baldor,walkeremd,23887,EJMM2513T,1730.85,1573.56
Baldor,walkeremd,23890,ECP83771T-4,1626.20,1571.68
Baldor,walkeremd,23894,M2531T-8,1736.76,1566.04
Baldor,sqone,25474,VM3611,396.94,595.41
Baldor,walkeremd,23905,M2516T-8,1853.05,1550.37
Baldor,walkeremd,23912,M2275,2091.81,1645.63
Baldor,walkeremd,23919,M2394,2093.69,1630.59
Baldor,sqone,25480,UCME345,430.76,476.15
Baldor,walkeremd,23929,EM2514T,1705.79,1505.25
Baldor,walkeremd,23945,JMM2515T,1885.01,1556.64
Baldor,walkeremd,23946,JPM2515T,1885.01,1556.64
Baldor,walkeremd,23947,M2334T-8,1805.43,1477.05
Baldor,walkeremd,23950,ECP83769T-4,1532.20,1476.43
Baldor,walkeremd,23951,M2510,300.96,1579.83
Baldor,sqone,25501,CL5001A,519.27,471.39
Baldor,walkeremd,23956,M2393,2750.44,1572.31
Baldor,walkeremd,23957,ECP83774T-4,1586.09,1467.65
Baldor,walkeremd,23958,ECP83774T-5,1586.09,1467.65
Baldor,walkeremd,23959,JMM2514T,1750.28,1542.23
Baldor,walkeremd,23960,JPM2514T,1750.28,1542.23
Baldor,walkeremd,23961,M7030,279.90,1571.68
Baldor,walkeremd,23972,EWDM3714T,2537.37,1451.99
Baldor,walkeremd,23973,EM2333T,1963.97,1260.61
Baldor,sqone,25522,M3211,345.32,445.89
Baldor,walkeremd,24001,M1760T,2165.13,1370.52
Baldor,walkeremd,24011,EJMM3314T,1526.56,1389.95
Baldor,walkeremd,24024,L5028T,1370.52,1343.57
Baldor,walkeremd,24058,ECP3774T,1475.17,1349.84
Baldor,sqone,25576,VL3505,286.71,447.67
Baldor,walkeremd,24072,EWDM3710T,2185.19,1332.92
Baldor,walkeremd,24074,L5027T,1354.85,1292.81
Baldor,walkeremd,24077,L3712T,1527.81,1290.93
Baldor,sqone,25584,UCME3145,413.85,445.89
Baldor,walkeremd,24092,M2237,1843.65,1401.23
Baldor,walkeremd,24093,L3711T,1509.64,1271.51
Baldor,walkeremd,24102,L1512T,1640.61,1261.48
Baldor,walkeremd,24106,EM2513T,1411.88,1293.96
Baldor,walkeremd,24109,FM2515T-8,1667.56,1292.19
Baldor,walkeremd,24112,M2515T-8,1667.56,1292.19
Baldor,walkeremd,24122,L1511T,1540.97,1252.71
Baldor,walkeremd,24123,L5013,1312.87,1275.89
Baldor,walkeremd,24125,M2514T-8,1544.11,1281.53
Baldor,walkeremd,24130,EM3314T,1378.04,1281.53
Baldor,walkeremd,24131,M3705T,1259.60,1243.93
Baldor,sqone,25626,L3505,279.87,436.99
Baldor,walkeremd,24162,ECP83770T-4,1312.24,1239.55
Baldor,walkeremd,24163,ECP83770T-5,1312.24,1239.55
Baldor,walkeremd,24181,M2333T-8,1488.33,1223.88
Baldor,walkeremd,24185,M2505,290.70,1308.48
Baldor,walkeremd,24188,JMM2513T,1730.85,1284.04
Baldor,walkeremd,24189,JPM2513T,1573.56,1284.04
Baldor,sqone,25657,CHC3526A,439.47,428.98
Baldor,walkeremd,24215,M1759T,1863.08,1163.72
Baldor,walkeremd,24232,M3702,1152.44,1168.73
Baldor,sqone,25673,M3611,389.82,485.05
Baldor,walkeremd,24238,EJMM3714T,1310.36,1173.12
Baldor,walkeremd,24242,M3702T,1152.44,1138.03
Baldor,walkeremd,24263,EM3771T,1270.88,1146.80
Baldor,sqone,25689,UCME153,369.35,421.86
Baldor,walkeremd,24274,M7027,4463.12,1213.85
Baldor,walkeremd,24277,ECP83663T-4,1181.89,1131.13
Baldor,walkeremd,24282,ECP3770T,1253.33,1127.37
Baldor,sqone,25700,VL1305,268.47,419.19
Baldor,walkeremd,24289,EM3768T,1242.68,1120.48
Baldor,walkeremd,24300,JMM3314T,1526.56,1168.11
Baldor,walkeremd,24302,JPM3314T,1389.95,1168.11
Baldor,walkeremd,24329,L3606,696.85,1073.48
Baldor,walkeremd,24333,EJMM3312T,1216.99,1079.75
Baldor,walkeremd,24349,EWDM3615T,1832.37,1064.71
Baldor,walkeremd,24352,EJMM3313T,1201.32,1064.08
Baldor,walkeremd,24355,EJMM3711T,1197.56,1060.32
Baldor,sqone,25746,L1305,261.06,407.62
Baldor,walkeremd,24361,EM3774T,1181.89,1057.19
Baldor,walkeremd,24362,EM3774T-5,1181.89,1057.19
Baldor,walkeremd,24391,L1509T,1253.33,993.27
Baldor,walkeremd,24402,FM2513T-8,1328.53,1003.92
Baldor,walkeremd,24403,M2513T-8,1328.53,1003.92
Baldor,walkeremd,24406,L3607,814.67,996.40
Baldor,walkeremd,24409,JMM3711T,1197.56,1054.05
Baldor,walkeremd,24416,EJMM3710T,1135.52,998.28
Baldor,walkeremd,24421,M7023,3219.19,1062.83
Baldor,walkeremd,24426,ECP83665T-4,1035.88,983.87
Baldor,walkeremd,24427,ECP83665T-5,1035.88,983.87
Baldor,walkeremd,24428,EJMM3311T,1121.11,983.87
Baldor,walkeremd,24433,EM3769T,1102.31,978.23
Baldor,walkeremd,24448,ECP83661T-4,1030.24,965.69
Baldor,walkeremd,24449,ECP83661T-5,1030.24,965.69
Baldor,walkeremd,24450,EM3764T,1087.89,965.69
Baldor,walkeremd,24465,EM3708T,1032.75,955.04
Baldor,walkeremd,24472,M3709,1761.56,899.89
Baldor,walkeremd,24486,EM3714T,1007.05,818.36
Baldor,walkeremd,24487,EM3770T,1067.21,942.51
Baldor,walkeremd,24488,EM3770T-5,1067.21,942.51
Baldor,walkeremd,24499,EM3714T-5,1007.05,818.36
Baldor,walkeremd,24506,EWDM3611T,1689.49,935.61
Baldor,walkeremd,24516,EM3711T,1000.16,930.60
Baldor,walkeremd,24518,JMM3714T,1310.36,975.09
Baldor,walkeremd,24520,JPM3714T,1173.12,975.09
Baldor,walkeremd,24533,EJMM3709T,1060.32,923.71
Baldor,walkeremd,24545,ECP83660T-4,972.59,918.07
Baldor,walkeremd,24546,EM3709T,990.13,918.07
Baldor,walkeremd,24550,EM3313T,1016.45,914.03
Baldor,walkeremd,24580,L5031T,924.96,879.84
Baldor,walkeremd,24583,EM3312T,999.53,902.40
Baldor,walkeremd,24587,EM7037T,964.44,896.76
Baldor,walkeremd,24589,ECP3665T,958.17,895.51
Baldor,walkeremd,24597,L1510T,1325.40,864.17
Baldor,walkeremd,24615,ECP3661T,943.13,879.84
Baldor,walkeremd,24647,L3612TM,898.64,839.11
Baldor,walkeremd,24661,L3608TM,928.72,830.96
Baldor,walkeremd,24662,M3707,2337.47,808.40
Baldor,walkeremd,24671,M1758T,1485.20,825.95
Baldor,walkeremd,24672,M7026,929.97,908.67
Baldor,walkeremd,24678,EM3663T,908.67,845.37
Baldor,walkeremd,24680,EM3704T,929.97,845.37
Baldor,walkeremd,24690,JMM3709T,1060.32,881.72
Baldor,walkeremd,24693,EJMM3219T,942.51,838.48
Baldor,walkeremd,24699,EM3710T,901.15,724.88
Baldor,walkeremd,24703,M3704,602.85,788.97
Baldor,walkeremd,24711,EM3710T-5,901.15,724.88
Baldor,walkeremd,24715,L3608T,960.68,805.27
Baldor,walkeremd,24717,JMM3312T,1216.99,869.19
Baldor,walkeremd,24719,JPM3312T,1079.75,869.19
Baldor,walkeremd,24731,EM7034T,910.55,821.56
Baldor,walkeremd,24745,JMM3313T,1201.32,859.79
Baldor,walkeremd,24747,JPM3313T,1064.08,859.79
Baldor,walkeremd,24748,L1508T,1006.43,796.49
Baldor,walkeremd,24770,EM7014T,840.99,793.36
Baldor,walkeremd,24777,EM3219T,865.43,788.97
Baldor,walkeremd,24795,M3617T,759.52,758.89
Baldor,walkeremd,24805,EM3664T,836.60,775.19
Baldor,walkeremd,24824,L3605,746.36,760.77
Baldor,walkeremd,24832,ECP83587T-4,790.85,762.65
Baldor,walkeremd,24833,ECP83587T-5,790.85,762.65
Baldor,walkeremd,24853,CM7037,810.28,737.59
Baldor,walkeremd,24858,EM3311T,856.65,754.95
Baldor,walkeremd,24874,L1410TM,764.53,730.07
Baldor,walkeremd,24880,EWDM3558T,1358.61,749.49
Baldor,walkeremd,24888,JMM3616T,872.32,782.71
Baldor,walkeremd,24910,JMM3710T,1135.52,772.68
Baldor,walkeremd,24930,L5030T,809.03,711.89
Baldor,walkeremd,24931,ECP83584T-4,759.52,730.07
Baldor,walkeremd,24941,ECP83586T-4,800.25,770.17
Baldor,sqone,26057,CHC3525A,222.30,347.10
Baldor,walkeremd,24953,BM3116,841.61,720.67
Baldor,walkeremd,24955,M3307,547.08,681.19
Baldor,walkeremd,24958,ECP83581T-4,745.73,717.53
Baldor,walkeremd,24961,M7032,887.36,696.85
Baldor,walkeremd,24962,M3600,8930.80,678.05
Baldor,walkeremd,24969,M7037,810.28,691.84
Baldor,walkeremd,24977,EJMM3212T,814.04,709.39
Baldor,walkeremd,24978,EM3665T,784.59,722.55
Baldor,walkeremd,24979,EM3665T-5,784.59,722.55
Baldor,walkeremd,24981,EM3661T,768.29,706.25
Baldor,walkeremd,24982,EM3661T-5,768.29,706.25
Baldor,walkeremd,24987,EJMM3613T,807.15,705.00
Baldor,walkeremd,24996,CM7034,750.75,681.19
Baldor,walkeremd,25011,ECP3587T,730.69,695.60
Baldor,walkeremd,25032,JMM3311T,1121.11,723.80
Baldor,walkeremd,25039,EM3660T,749.49,686.83
Baldor,walkeremd,25042,L3609T,871.07,667.40
Baldor,walkeremd,25056,M3703,1911.33,641.08
Baldor,walkeremd,25057,FDL3516TM,766.41,659.25
Baldor,walkeremd,25065,L3516TM,766.41,653.61
Baldor,walkeremd,25076,M1757T,1327.91,649.23
Baldor,walkeremd,25080,FM3313T-8,937.49,664.27
Baldor,walkeremd,25082,M3313T-8,937.49,664.27
Baldor,walkeremd,25085,ECP3584T,702.49,666.15
Baldor,walkeremd,25100,L1409T,794.61,642.96
Baldor,walkeremd,25104,JMM3613T,807.15,691.84
Baldor,walkeremd,25108,CM7014,681.19,639.20
Baldor,walkeremd,25111,EJMM3218T,760.77,656.12
Baldor,walkeremd,25112,EJMM3615T,757.64,656.12
Baldor,sqone,26154,M3539,325.74,358.67
Baldor,walkeremd,25120,ECP3581T,685.57,654.24
Baldor,walkeremd,25121,ECP3581T-4,685.57,654.24
Baldor,walkeremd,25123,EJMM3611T,755.76,654.24
Baldor,sqone,26170,M3555,385.37,322.18
Baldor,walkeremd,25139,VSWDM3558T,1294.69,684.95
Baldor,walkeremd,25153,L5023A,657.37,627.29
Baldor,sqone,26186,M3158,342.65,318.62
Baldor,walkeremd,25162,M3210,560.25,606.61
Baldor,walkeremd,25168,EWDM3554T,1140.53,638.57
Baldor,walkeremd,25170,M7034,750.75,618.52
Baldor,walkeremd,25174,VM3613,605.36,601.60
Baldor,walkeremd,25197,L1410T,764.53,525.89
Baldor,walkeremd,25209,EM3587T,659.25,622.28
Baldor,walkeremd,25222,ECP83583T-4,729.44,701.87
Baldor,walkeremd,25223,M3607,448.69,663.64
Baldor,walkeremd,25227,L1408TM,634.19,600.35
Baldor,walkeremd,25240,EM3613T,648.60,612.88
Baldor,walkeremd,25251,JMM3219T,942.51,639.20
Baldor,walkeremd,25266,CM7013,644.21,586.56
Baldor,walkeremd,25281,L3606T,696.85,585.31
Baldor,walkeremd,25297,EJMM3158T,684.95,595.33
Baldor,walkeremd,25298,EJMM3610T,696.23,594.71
Baldor,walkeremd,25299,EM3586T,674.29,635.44
Baldor,walkeremd,25306,EM3584T,629.80,593.45
Baldor,walkeremd,25311,L1405,635.44,586.56
Baldor,walkeremd,25332,M7014,681.19,568.39
Baldor,walkeremd,25333,M7014-5,681.19,568.39
Baldor,walkeremd,25336,L3605T,746.36,567.13
Baldor,walkeremd,25340,EWDM3546T,1131.13,580.92
Baldor,walkeremd,25341,EJMM3211T,684.95,580.29
Baldor,walkeremd,25343,ECP83580T-4,681.19,653.61
Baldor,walkeremd,25344,EM3615T,703.75,502.39
Baldor,walkeremd,25359,EM3615T-5,703.75,502.39
Baldor,walkeremd,25362,JMM3615T,757.64,604.11
Baldor,walkeremd,25368,EM3581T,609.12,572.15
Baldor,sqone,26336,M3157,301.71,288.36
Baldor,walkeremd,25371,VSWDM3554,1215.73,557.73
Baldor,walkeremd,25374,VSWDM3554T,1215.73,557.73
Baldor,sqone,26342,M3550,371.17,286.58
Baldor,walkeremd,25396,L5007A,579.04,550.84
Baldor,walkeremd,25410,M7013,644.21,544.57
Baldor,walkeremd,25411,M7013-5,644.21,544.57
Baldor,walkeremd,25417,M3560,5703.75,540.19
Baldor,walkeremd,25418,L1406T,669.28,540.19
Baldor,walkeremd,25423,M3610,1398.09,523.89
Baldor,walkeremd,25425,EM3610T,587.81,552.72
Baldor,walkeremd,25426,M3609,1265.24,523.27
Baldor,walkeremd,25448,VSWDM3546,1136.77,532.04
Baldor,sqone,26392,M3154,293.70,276.79
Baldor,walkeremd,25451,VSWDM3546T,1136.77,532.04
Baldor,walkeremd,25466,FM3311T-8,775.19,542.69
Baldor,walkeremd,25467,M3311T-8,775.19,542.69
Baldor,walkeremd,25474,VM3611,527.03,669.91
Baldor,sqone,26417,M3554,315.06,273.23
Baldor,sqone,26420,L4005A,279.30,174.99
Baldor,walkeremd,25494,M7010-5,637.32,518.88
Baldor,walkeremd,25495,M7010A,599.09,518.88
Baldor,walkeremd,25496,JMM3610T,696.23,560.24
Baldor,walkeremd,25517,M3160,2161.50,517.00
Baldor,walkeremd,25518,M7009A,560.87,517.00
Baldor,walkeremd,25522,M3211,1305.35,501.96
Baldor,walkeremd,25528,EM3611T,645.47,459.20
Baldor,walkeremd,25534,EM3556,530.16,527.03
Baldor,walkeremd,25536,VSWDM3542,1095.41,512.61
Baldor,walkeremd,25538,EM3611T-5,645.47,459.20
Baldor,walkeremd,25541,M1219,1236.90,511.36
Baldor,walkeremd,25551,EJMM3157T,614.13,524.52
Baldor,walkeremd,25552,M3606,1215.73,496.32
Baldor,walkeremd,25554,M8003,542.07,510.11
Baldor,walkeremd,25555,L1408T,634.19,510.11
Baldor,walkeremd,25559,EM3583T,672.41,605.36
Baldor,walkeremd,25590,EM3218T,641.08,513.87
Baldor,walkeremd,25593,JMM3559T,593.45,540.19
Baldor,walkeremd,25595,JMM3611T,755.76,540.19
Baldor,walkeremd,25599,M3603,1136.77,486.92
Baldor,walkeremd,25600,VM3615,568.39,765.16
Baldor,walkeremd,25609,L3514A,425.51,499.45
Baldor,walkeremd,25610,L3515T,640.45,499.45
Baldor,walkeremd,25621,M7005A,543.32,496.32
Baldor,walkeremd,25622,L3515,640.45,495.07
Baldor,sqone,26523,VM3546,307.05,252.76
Baldor,walkeremd,25628,L5009A,516.37,491.31
Baldor,walkeremd,25648,EM3555T,520.76,498.20
Baldor,walkeremd,25649,JMM3212T,814.04,522.64
Baldor,walkeremd,25653,EM3212T,540.19,497.57
Baldor,walkeremd,25673,M3611,401.07,545.20
Baldor,walkeremd,25684,WDM3554T,910.55,476.27
Baldor,walkeremd,25690,VEM3558,454.83,487.08
Baldor,sqone,26575,M3546,291.03,241.19
Baldor,walkeremd,25701,L1405T,635.44,471.25
Baldor,walkeremd,25702,JM3158,481.28,470.00
Baldor,walkeremd,25709,L5004A,518.88,468.75
Baldor,walkeremd,25714,M8002,498.20,466.24
Baldor,walkeremd,25717,EJMM3154T,569.01,479.40
Baldor,sqone,26592,YPC3625A,148.20,231.40
Baldor,walkeremd,25720,EM3558T,454.83,416.01
Baldor,walkeremd,25721,EM3558T-5,454.83,416.01
Baldor,walkeremd,25722,FDL3514M,602.85,463.73
Baldor,walkeremd,25727,EM3558,454.83,473.96
Baldor,walkeremd,25728,JMM3218T,760.77,498.20
Baldor,walkeremd,25740,L3514M,784.59,459.35
Baldor,walkeremd,25744,L3514TM,463.73,459.35
Baldor,walkeremd,25753,EM3211T,605.99,469.04
Baldor,walkeremd,25757,L1317A,486.29,455.59
Baldor,walkeremd,25760,EM3555,484.41,468.12
Baldor,walkeremd,25761,L5006A,484.41,454.96
Baldor,walkeremd,25779,M7006-5,622.91,450.57
Baldor,walkeremd,25780,M7006A,587.81,450.57
Baldor,sqone,26636,L3504,275.90,230.51
Baldor,walkeremd,25789,EM3554T,442.25,401.25
Baldor,walkeremd,25790,EM3554T-5,442.25,401.25
Baldor,walkeremd,25791,VEM3554,442.25,461.93
Baldor,walkeremd,25801,JL1317A,486.29,446.81
Baldor,walkeremd,25804,JMM3555T,552.72,481.91
Baldor,sqone,26657,L3409,271.45,225.17
Baldor,walkeremd,25818,L1317,548.33,443.05
Baldor,walkeremd,25820,VSWDM3538,963.81,443.05
Baldor,walkeremd,25823,EM3158T,478.77,455.59
Baldor,walkeremd,25826,EM3550T,474.39,454.96
Baldor,walkeremd,25827,M3532,421.12,441.80
Baldor,walkeremd,25848,M3557,773.31,437.41
Baldor,sqone,26692,CHC365A,218.88,212.71
Baldor,walkeremd,25856,EM3554,442.25,448.27
Baldor,walkeremd,25857,WDM3546T,893.63,436.16
Baldor,walkeremd,25858,VM3559,486.29,434.28
Baldor,sqone,26698,M3538,248.31,217.16
Baldor,sqone,26700,CHC364A,216.60,210.04
Baldor,walkeremd,25867,EM3546T,423.67,385.95
Baldor,walkeremd,25868,EM3546T-5,423.67,385.95
Baldor,walkeremd,25876,EJMM3116T,532.67,443.05
Baldor,walkeremd,25877,JMM3158T,684.95,464.99
Baldor,walkeremd,25892,JMM3211T,684.95,460.60
Baldor,walkeremd,25895,VEM3550,474.39,438.04
Baldor,walkeremd,25897,L5001A,518.25,425.51
Baldor,walkeremd,25904,EM3157T,517.00,435.15
Baldor,walkeremd,25909,M3559,1100.43,421.75
Baldor,walkeremd,25915,L3510A,387.91,421.12
Baldor,walkeremd,25921,JMM3558T,564.00,451.83
Baldor,walkeremd,25928,GC3320,6261.60,439.29
Baldor,walkeremd,25939,WDM3542,866.68,416.11
Baldor,walkeremd,25942,EM3550,474.39,425.51
Baldor,walkeremd,25952,VM3555T,407.96,444.93
Baldor,walkeremd,25954,FDL3510M,535.17,411.09
Baldor,walkeremd,25968,RM3158,499.45,407.96
Baldor,sqone,26770,L3406,235.98,208.05
Baldor,walkeremd,25975,L3510M,528.28,406.71
Baldor,walkeremd,25977,L3510TM,411.09,406.71
Baldor,walkeremd,25987,JMM3155T,530.16,438.67
Baldor,walkeremd,25997,L5003A,454.96,403.57
Baldor,walkeremd,26003,JMM3550T,515.12,432.40
Baldor,walkeremd,26005,JMM3554T,552.09,432.40
Baldor,sqone,26793,L3501,235.98,201.21
Baldor,walkeremd,26013,L1319,543.95,397.31
Baldor,walkeremd,26016,JMM3157T,614.13,429.27
Baldor,walkeremd,26018,L3514T,545.83,397.31
Baldor,walkeremd,26022,JM3155,406.71,396.05
Baldor,sqone,26804,YPC364A,119.70,186.90
Baldor,walkeremd,26024,EM3154T,430.52,406.17
Baldor,sqone,26815,M3108,235.85,190.46
Baldor,walkeremd,26046,EM3546,415.47,403.44
Baldor,walkeremd,26051,L3514,784.59,391.67
Baldor,walkeremd,26058,EM3545,417.99,401.69
Baldor,walkeremd,26061,M3156,452.45,390.41
Baldor,walkeremd,26063,WDM3538,837.23,389.16
Baldor,walkeremd,26078,L3513,396.68,387.91
Baldor,walkeremd,26091,M3556,392.29,381.01
Baldor,walkeremd,26094,JMM3546T,518.25,411.72
Baldor,walkeremd,26106,EM3116T,417.99,388.68
Baldor,walkeremd,26120,L1319T,564.00,375.37
Baldor,walkeremd,26123,L3507A,380.39,374.75
Baldor,walkeremd,26124,M3543,386.65,374.75
Baldor,walkeremd,26126,VM3555,370.99,374.75
Baldor,walkeremd,26127,VM3555-5,370.99,374.75
Baldor,walkeremd,26136,M3218T-8,527.65,383.52
Baldor,walkeremd,26154,M3539,376.00,367.23
Baldor,walkeremd,26156,M8001,399.19,367.23
Baldor,walkeremd,26170,M3555,894.25,362.84
Baldor,walkeremd,26172,FDL3507M,473.13,362.21
Baldor,walkeremd,26173,JL1313A,363.47,362.21
Baldor,walkeremd,26177,VM3550T,373.49,390.41
Baldor,walkeremd,26178,VM3550T-5,373.49,390.41
Baldor,walkeremd,26185,L3507M,428.01,358.45
Baldor,walkeremd,26186,M3158,684.95,358.45
Baldor,sqone,26942,M3104,104.13,167.32
Baldor,walkeremd,26210,JMM3116T,532.67,380.39
Baldor,walkeremd,26215,L1313A,363.47,348.43
Baldor,walkeremd,26219,M3155,406.71,347.80
Baldor,walkeremd,26222,JMM3154T,569.01,375.37
Baldor,walkeremd,26230,L3502,703.75,346.55
Baldor,walkeremd,26237,L3510T,411.09,345.92
Baldor,walkeremd,26240,VM3558,374.75,298.48
Baldor,walkeremd,26242,VM3558T,374.75,321.99
Baldor,walkeremd,26243,VM3558T-5,374.75,321.99
Baldor,walkeremd,26253,NM3554T,918.07,342.16
Baldor,walkeremd,26254,M3535,349.05,340.91
Baldor,walkeremd,26266,L3510,528.28,339.03
Baldor,walkeremd,26273,JL3507A,380.39,337.77
Baldor,walkeremd,26275,M3211T-8,481.91,345.92
Baldor,walkeremd,26283,VM3550,373.49,336.52
Baldor,walkeremd,26290,JM3120,342.16,333.39
Baldor,walkeremd,26291,L1313,412.35,333.39
Baldor,walkeremd,26305,M3558,342.16,288.64
Baldor,walkeremd,26308,L1307A,375.37,330.88
Baldor,walkeremd,26309,L3500,1773.43,330.88
Baldor,walkeremd,26321,NM3546T,884.23,327.75
Baldor,walkeremd,26322,VM3554T,353.44,306.68
Baldor,walkeremd,26323,VM3554T-5,353.44,306.68
Baldor,walkeremd,26327,L3509M,486.29,327.12
Baldor,walkeremd,26334,M3157T-8,447.44,332.13
Baldor,walkeremd,26336,M3157,1064.08,282.63
Baldor,walkeremd,26342,M3550,1206.75,322.73
Baldor,walkeremd,26346,M3558T-8,490.68,330.88
Baldor,walkeremd,26351,VM3546T,340.28,301.21
Baldor,walkeremd,26352,VM3546T-5,340.28,301.21
Baldor,walkeremd,26365,VM3554,353.44,278.25
Baldor,walkeremd,26376,M3154T-8,369.55,327.12
Baldor,walkeremd,26392,M3154,932.48,271.15
Baldor,walkeremd,26403,L3504A,312.08,310.20
Baldor,walkeremd,26411,VM3545,343.41,309.57
Baldor,walkeremd,26412,VM3545-5,343.41,309.57
Baldor,walkeremd,26414,L1310,346.55,308.32
Baldor,walkeremd,26416,M3554T-8,473.76,315.21
Baldor,walkeremd,26417,M3554,322.73,267.32
Baldor,walkeremd,26419,FDL3504M,406.08,307.07
Baldor,walkeremd,26425,M3455,331.51,306.44
Baldor,walkeremd,26437,L3504M,367.23,305.19
Baldor,walkeremd,26440,JM3542,315.21,303.31
Baldor,walkeremd,26441,M3531,417.36,303.31
Baldor,walkeremd,26452,M3546T-8,455.59,308.95
Baldor,walkeremd,26461,L3507,428.01,298.92
Baldor,walkeremd,26469,M3120,342.16,298.29
Baldor,walkeremd,26470,MM3550,515.12,298.29
Baldor,walkeremd,26475,L3401,309.57,295.79
Baldor,walkeremd,26477,M3101,716.91,295.79
Baldor,walkeremd,26478,M3545,568.39,295.79
Baldor,walkeremd,26479,M3545-5,340.28,295.79
Baldor,walkeremd,26497,L3509,370.36,289.52
Baldor,walkeremd,26522,NM3542,788.97,285.13
Baldor,walkeremd,26523,VM3546,340.28,247.64
Baldor,walkeremd,26524,VM3546-5,340.28,247.64
Baldor,walkeremd,26526,JL3504A,312.08,284.51
Baldor,walkeremd,26532,MM3546,518.25,282.63
Baldor,walkeremd,26539,L1307,375.37,282.00
Baldor,walkeremd,26545,JM3112,287.64,279.49
Baldor,walkeremd,26546,JM3115,280.75,279.49
Baldor,walkeremd,26556,M3461,280.75,278.24
Baldor,walkeremd,26571,VM3542,320.85,237.25
Baldor,walkeremd,26572,VM3542-5,320.85,237.25
Baldor,walkeremd,26575,M3546,310.20,236.71
Baldor,walkeremd,26576,M3546-5,654.24,236.71
Baldor,walkeremd,26581,L1304A,263.20,271.97
Baldor,walkeremd,26584,M3116T-8,355.88,278.24
Baldor,walkeremd,26588,M3116,841.61,234.52
Baldor,walkeremd,26589,M3116-5,309.57,234.52
Baldor,walkeremd,26602,M3115,280.75,266.96
Baldor,walkeremd,26609,NM3538,580.29,265.08
Baldor,walkeremd,26612,VM3541,289.52,264.45
Baldor,walkeremd,26613,VM3541-5,289.52,264.45
Baldor,walkeremd,26623,FDL3501M,354.07,261.95
Baldor,walkeremd,26626,M3542,298.29,227.41
Baldor,walkeremd,26627,M3542-5,866.68,227.41
Baldor,walkeremd,26632,JL1309A,261.95,259.44
Baldor,walkeremd,26635,L3501M,327.12,259.44
Baldor,walkeremd,26636,L3504,367.23,259.44
Baldor,walkeremd,26645,VM3538,298.92,223.04
Baldor,walkeremd,26646,VM3538-5,298.92,223.04
Baldor,walkeremd,26657,L3409,646.09,253.80
Baldor,walkeremd,26661,JM3108,268.21,253.17
Baldor,walkeremd,26662,L1309A,261.95,253.17
Baldor,walkeremd,26665,M3463,260.69,252.55
Baldor,walkeremd,26666,M3541,480.65,252.55
Baldor,walkeremd,26667,M3541-5,279.49,252.55
Baldor,walkeremd,26679,JL1306A,255.68,250.67
Baldor,walkeremd,26688,L3506,320.85,250.04
Baldor,walkeremd,26698,M3538,276.99,212.65
Baldor,walkeremd,26699,M3538-5,837.23,212.65
Baldor,walkeremd,26701,JL3501A,265.08,245.03
Baldor,walkeremd,26706,VM3537,277.61,241.89
Baldor,walkeremd,26707,VM3537-5,277.61,241.89
Baldor,walkeremd,26712,VL1304,263.20,241.27
Baldor,walkeremd,26717,M3112,273.85,208.28
Baldor,walkeremd,26718,M3112-5,273.85,208.28
Baldor,walkeremd,26723,L1306A,255.68,238.13
Baldor,walkeremd,26728,L1309,294.53,237.51
Baldor,walkeremd,26729,M3458,235.63,237.51
Baldor,walkeremd,26753,M3111,251.29,230.61
Baldor,walkeremd,26761,M3460,5463.75,229.36
Baldor,walkeremd,26762,M3537,458.09,229.36
Baldor,walkeremd,26763,M3537-5,277.61,229.36
Baldor,walkeremd,26769,L1304,263.20,228.73
Baldor,walkeremd,26770,L3406,588.44,228.73
Baldor,walkeremd,26771,NM3534,310.20,228.73
Baldor,walkeremd,26774,VM3534-5,255.68,194.61
Baldor,walkeremd,26778,L1306,280.12,226.85
Baldor,walkeremd,26785,VM3534,255.68,194.61
Baldor,walkeremd,26788,L3503,285.13,221.84
Baldor,walkeremd,26793,L3501,327.12,221.21
Baldor,walkeremd,26800,VL1301,220.59,219.33
Baldor,walkeremd,26812,L3403,227.48,215.57
Baldor,walkeremd,26815,M3108,246.28,186.41
Baldor,walkeremd,26822,M3108-5,246.28,186.41
Baldor,walkeremd,26823,M3534,255.68,185.87
Baldor,walkeremd,26824,M3534-5,255.68,185.87
Baldor,walkeremd,26831,JM3107,219.96,211.81
Baldor,walkeremd,26847,L3400,920.17,209.93
Baldor,walkeremd,26860,KM3454,226.23,206.17
Baldor,walkeremd,26861,L1301,220.59,206.17
Baldor,walkeremd,26868,NM3454,328.37,204.29
Baldor,walkeremd,26895,M3457,241.27,198.03
Baldor,walkeremd,26899,L3405,251.92,196.15
Baldor,walkeremd,26902,M3107,219.96,196.15
Baldor,walkeremd,26912,M3454,211.19,194.89
Baldor,walkeremd,26931,JL1303A,200.53,190.51
Baldor,walkeremd,26942,M3104,240.01,164.00
Baldor,walkeremd,26960,L1303,229.99,185.49
Baldor,walkeremd,26962,M3006,200.53,185.49
Baldor,walkeremd,26971,M3003,194.89,182.99
Baldor,walkeremd,26984,L1203,228.73,177.97
Baldor,walkeremd,26988,L1200,187.37,174.84
Baldor,walkeremd,27014,L1205,208.68,167.95
Baldor,walkeremd,697278,IDVSNM3581T,787.09,824.07
Baldor,walkeremd,697282,IDVSNM3587T,907.41,950.03
Baldor,walkeremd,698002,VS1MD-NM1E,26.32,41.36
Baldor,walkeremd,698314,VS1PF-NM1E,38.85,51.39
Baldor,sqone,699196,VL4005A,317.49,198.93
Baldor,walkeremd,699004,GIF2588E,2249.11,2387.60
Baldor,walkeremd,699092,CESSWDM3550,896.76,889.24
Baldor,walkeremd,699100,CM3555/35,379.13,425.51
Baldor,walkeremd,699131,JL1205A,193.01,169.20
Baldor,walkeremd,699132,JL1301A,289.52,194.89
Baldor,walkeremd,699133,JL1304A,327.12,229.36
Baldor,walkeremd,699134,JL1307A,375.37,289.52
Baldor,walkeremd,699145,M3538/35,276.99,313.96
Baldor,walkeremd,699147,M3546/35,310.20,327.75
Baldor,walkeremd,699150,NM3538/35,580.29,320.23
Baldor,walkeremd,699151,NM3539,409.84,403.57
Baldor,walkeremd,699152,NM3546,656.75,311.45
Baldor,walkeremd,699165,VBM3538-5S,755.13,716.91
Baldor,walkeremd,699167,VBM3538-S,755.13,716.91
Baldor,walkeremd,699169,VBM3542-S,723.80,745.73
Baldor,walkeremd,699174,VBM3554-S,850.39,808.40
Baldor,walkeremd,699176,VBM3558-S,869.19,827.83
Baldor,walkeremd,699339,EBM3710T-D,2237.20,2151.97
Baldor,walkeremd,699340,EBM3714T-D,2734.77,2648.92
Baldor,walkeremd,699483,EM3550T-5,474.39,454.96
Baldor,walkeremd,699489,EM3559T-5,580.92,558.99
Baldor,walkeremd,699491,EM3613T-5,648.60,612.88
Baldor,walkeremd,699498,EM3711T-5,1000.16,930.60
Baldor,walkeremd,699514,EM7018T,832.21,725.68
Baldor,walkeremd,699521,EM7053T,2142.57,2005.96
Baldor,walkeremd,699523,EM7059T,3420.35,2572.47
Baldor,walkeremd,699525,EM7063T,4510.12,3423.48
Baldor,walkeremd,699528,EM7071T,830.33,743.23
Baldor,walkeremd,699530,EM7072T,1357.99,1093.53
Baldor,walkeremd,699532,EM7073T,1594.24,1434.44
Baldor,walkeremd,699534,EM7075T,1029.61,879.84
Baldor,walkeremd,699546,EM7174T,1974.63,1774.09
Baldor,walkeremd,699566,L3516T,766.41,634.81
Baldor,walkeremd,699567,M11042-57,886.11,792.11
Baldor,walkeremd,699569,M13062-58,1026.48,901.15
Baldor,walkeremd,699570,M13064-58,989.51,872.95
Baldor,walkeremd,699571,M13082-58,1203.20,1083.51
Baldor,walkeremd,699572,M13084-58,1109.20,939.37
Baldor,walkeremd,699574,M16112-58,1731.48,1485.20
Baldor,walkeremd,699575,M16114-58,1599.25,1332.29
Baldor,walkeremd,699576,M16152-58,1894.41,1624.95
Baldor,walkeremd,699577,M16154-58,1922.61,1594.24
Baldor,walkeremd,699578,M16192-58,2447.76,2046.07
Baldor,walkeremd,699579,M18194-58,2492.88,1954.57
Baldor,walkeremd,699580,M18222-58,2894.57,2215.27
Baldor,walkeremd,699581,M18224-58,2944.08,2296.73
Baldor,walkeremd,699582,M20302-58,3728.67,3135.21
Baldor,walkeremd,699583,M20304-58,3825.80,3023.67
Baldor,walkeremd,699584,M20372-58,4303.95,3185.35
Baldor,walkeremd,699585,M22374-58,4174.85,3126.44
Baldor,walkeremd,699586,M22452-58,6016.63,4820.95
Baldor,walkeremd,699589,M25552-58,6988.59,5839.91
Baldor,walkeremd,699590,M25554-58,6974.17,5779.75
Baldor,walkeremd,699591,M25754-58,8783.36,7234.24
Baldor,walkeremd,699604,M3555-5,370.99,362.84
Baldor,walkeremd,699606,M3558-5,347.80,288.64
Baldor,walkeremd,699665,VBM3546T-S,833.47,780.20
Baldor,walkeremd,699667,VBM3554T-5S,918.69,808.40
Baldor,walkeremd,699669,VBM3554T-S,918.69,808.40
Baldor,walkeremd,699671,VBM3558T-5S,939.37,827.83
Baldor,walkeremd,699673,VBM3558T-S,939.37,827.83
Baldor,walkeremd,699676,VBM3611T-S,1300.96,1143.67
Baldor,walkeremd,699679,VBM3615T-S,1608.65,1414.39
Baldor,walkeremd,699880,EM2333T-5,1963.97,1260.61
Baldor,walkeremd,699881,EM2334T-5,2318.04,1528.48
Baldor,walkeremd,699882,EM4103T-5,2825.01,1999.16
Baldor,walkeremd,699883,EM4104T-5,3233.60,2371.44
Baldor,walkeremd,699889,EM4400T,8117.84,7080.43
Baldor,walkeremd,699898,EM7042T,1169.36,952.53
Baldor,walkeremd,699900,EM7044T,1413.76,1180.01
Baldor,walkeremd,699902,EM7047T,1658.16,1566.67
Baldor,walkeremd,699949,D1803R,6207.76,3785.07
Baldor,walkeremd,699951,D2003R,6935.32,4030.09
Baldor,walkeremd,699952,D2005R,6935.32,6491.01
Baldor,walkeremd,699953,D2007R,7546.32,6491.01
Baldor,walkeremd,699956,D2015R,10749.21,9594.89
Baldor,walkeremd,699957,D2015R-BV,10749.21,10375.09
Baldor,sqone,699743,VM3661T,599.86,638.13
Baldor,walkeremd,702022,ECP2294T,2196.47,1831.12
Baldor,walkeremd,702029,ECP3660T,899.89,837.23
Baldor,walkeremd,702030,ECP3663T,1092.91,1030.24
Baldor,walkeremd,702033,ECP3769T,1469.53,1344.20
Baldor,walkeremd,702034,ECP3771T,1555.39,1431.31
Baldor,walkeremd,702037,ECP4106T,2501.03,2135.68
Baldor,walkeremd,702038,ECP4107T,3050.61,2566.83
Baldor,walkeremd,702039,ECP4108T,3613.36,3128.95
Baldor,walkeremd,702040,ECP4109T,4857.29,4298.31
Baldor,walkeremd,702042,ECP4114T,5062.84,4504.48
Baldor,walkeremd,702115,EM7034T-I,979.48,829.08
Baldor,walkeremd,702117,EM7037T-I,1038.39,903.65
Baldor,walkeremd,702119,EM7042T-I,1169.36,953.16
Baldor,walkeremd,702121,EM7044T-I,1413.76,1181.89
Baldor,walkeremd,702123,EM7047T-I,1658.16,1457.00
Baldor,walkeremd,702127,EM7054T-I,3336.37,2360.03
Baldor,walkeremd,702129,EM7056T-I,3954.27,2954.11
Baldor,walkeremd,702132,EM7058T-I,4842.25,3708.61
Baldor,walkeremd,702135,EM7060T-I,5619.32,4522.03
Baldor,walkeremd,702137,EM7062T-I,7495.56,6059.87
Baldor,walkeremd,702140,EM7064T-I,8523.29,7049.37
Baldor,walkeremd,702161,EM7170T-I,2017.24,1966.48
Baldor,walkeremd,702179,ENCP83580T-4,651.11,622.91
Baldor,walkeremd,702180,ENCP83581T-4,708.13,681.19
Baldor,globalindustrial,22679,D5075P,14991.00,13345.00
Baldor,globalindustrial,22706,D5060P,14991.00,13345.00
Baldor,globalindustrial,22749,ECP4410T-4,10671.00,9789.00
Baldor,globalindustrial,22885,ECP4316T,6308.00,6107.00
Baldor,globalindustrial,23144,EM2547T,3688.00,3598.00
Baldor,globalindustrial,23151,EM4115T,4395.00,3562.00
Baldor,globalindustrial,23180,EM7058T,3447.00,3382.00
Baldor,globalindustrial,23236,CECP4104T,3101.00,3380.00
Baldor,globalindustrial,23329,CECP4103T,2687.00,2928.00
Baldor,globalindustrial,23394,EM4104T,2564.00,2494.00
Baldor,globalindustrial,23505,M2539T,2137.00,2086.00
Baldor,globalindustrial,23556,CECP2334T,2033.00,2216.00
Baldor,globalindustrial,23615,EM7170T,1975.00,2499.00
Baldor,globalindustrial,23620,CECP2333T,2030.00,2091.00
Baldor,electricmotorwholesale,23832,VBM3615T,1260.00,1308.00
Baldor,globalindustrial,23848,EFM2515T,1527.00,1490.00
Baldor,globalindustrial,23929,EM2514T,1413.00,1378.00
Baldor,globalindustrial,24009,CL5027T,1426.00,1240.00
Baldor,globalindustrial,24049,VM7047T,1305.00,1264.00
Baldor,globalindustrial,24070,VBM3611T,1191.00,1227.00
Baldor,globalindustrial,24104,EFM2513T,1217.00,1187.00
Baldor,globalindustrial,24240,VM7044T,1128.00,1092.00
Baldor,globalindustrial,24263,EM3771T,1076.00,1049.00
Baldor,electricmotorwholesale,24492,BM3558,845.00,863.00
Baldor,globalindustrial,24433,EM3769T,918.00,896.00
Baldor,electricmotorwholesale,24543,BM3554T,698.00,700.00
Baldor,globalindustrial,24461,VBM3558,797.00,878.00
Baldor,globalindustrial,24492,BM3558,797.00,864.00
Baldor,globalindustrial,24493,BM3558T,758.00,864.00
Baldor,globalindustrial,24509,VBM3554,740.00,857.00
Baldor,globalindustrial,24548,EFM3313T,859.00,838.00
Baldor,electricmotorwholesale,24686,VM7075T,776.00,810.00
Baldor,electricmotorwholesale,24744,BM3546T,625.00,656.00
Baldor,globalindustrial,24678,EM3663T,792.00,774.00
Baldor,globalindustrial,24704,VBM3546,751.00,763.00
Baldor,globalindustrial,24743,BM3546,713.00,751.00
Baldor,globalindustrial,24744,BM3546T,713.00,751.00
Baldor,globalindustrial,24856,EFM3311T,709.00,693.00
Baldor,globalindustrial,24870,MVM3710D,737.00,649.00
Baldor,globalindustrial,24876,VM7037T,723.00,787.00
Baldor,electricmotorwholesale,25016,VM7034,668.00,619.00
Baldor,globalindustrial,24920,CDP3445,1013.00,694.00
Baldor,electricmotorwholesale,25054,VM7018T,598.00,605.00
Baldor,globalindustrial,25007,VECP3584T,638.00,696.00
Baldor,globalindustrial,25039,EM3660T,644.00,629.00
Baldor,globalindustrial,25046,VECP3581,628.00,684.00
Baldor,globalindustrial,25108,CM7014,586.00,638.00
Baldor,globalindustrial,25163,M3665T,630.00,571.00
Baldor,globalindustrial,25194,M3660T,361.95,560.00
Baldor,globalindustrial,25265,BM3538,661.00,554.00
Baldor,globalindustrial,25294,MVM3615D,585.00,514.00
Baldor,globalindustrial,25306,EM3584T,358.95,544.00
Baldor,globalindustrial,25396,L5007A,578.00,505.00
Baldor,globalindustrial,25427,MVM3611D,542.00,476.95
Baldor,globalindustrial,25479,MVM3611C,531.00,482.95
Baldor,globalindustrial,25492,CL5004A,522.00,524.00
Baldor,globalindustrial,25501,CL5001A,522.00,523.00
Baldor,electricmotorwholesale,25629,L1401,490.00,450.00
Baldor,globalindustrial,25709,L5004A,504.00,429.95
Baldor,globalindustrial,25749,IM3540A,406.95,417.95
Baldor,globalindustrial,25751,EFM3211T,441.95,430.95
Baldor,globalindustrial,25789,EM3554T,433.95,422.95
Baldor,globalindustrial,25853,MVM3558D,441.95,387.95
Baldor,globalindustrial,25867,EM3546T,417.95,406.95
Baldor,globalindustrial,25902,EFM3157T,409.95,398.95
Baldor,globalindustrial,25904,EM3157T,409.95,457.95
Baldor,electricmotorwholesale,26219,M3155,412.00,319.00
Baldor,globalindustrial,25989,VL3514,467.95,404.95
Baldor,globalindustrial,26078,L3513,400.95,354.95
Baldor,electricmotorwholesale,26336,M3157,405.00,263.00
Baldor,electricmotorwholesale,26392,M3154,303.00,253.00
Baldor,globalindustrial,26187,MVM3542D,360.95,317.95
Baldor,globalindustrial,26188,VL3510,413.95,327.95
Baldor,globalindustrial,26266,L3510,373.95,311.95
Baldor,globalindustrial,26277,L1318,369.95,309.95
Baldor,globalindustrial,26288,GCP24124,245.95,348.95
Baldor,globalindustrial,26310,L5000A,377.95,302.95
Baldor,globalindustrial,26525,CHC465A,227.95,189.95
Baldor,globalindustrial,26657,L3409,272.95,232.95
Baldor,globalindustrial,26659,MVM5600C,294.95,244.95
Baldor,globalindustrial,26688,L3506,262.95,229.95
Baldor,globalindustrial,26708,RL525A,234.95,161.95
Baldor,globalindustrial,26743,VL3503,238.95,215.95
Baldor,globalindustrial,26896,MM5450,216.95,211.95
Baldor,electricmotorwholesale,697956,VS1MD22,335.00,370.00
Baldor,electricmotorwholesale,697957,VS1MD220,1435.00,1480.00
Baldor,electricmotorwholesale,697963,VS1MD230,2275.00,2305.00
Baldor,electricmotorwholesale,697966,VS1MD25,495.00,550.00
Baldor,electricmotorwholesale,697972,VS1MD41,320.00,360.00
Baldor,electricmotorwholesale,697975,VS1MD415,1150.00,1195.00
Baldor,electricmotorwholesale,697981,VS1MD425,1810.00,1860.00
Baldor,electricmotorwholesale,697984,VS1MD43,450.00,500.00
Baldor,globalindustrial,27017,MVM5150C,160.95,182.95
Baldor,globalindustrial,697950,VS1MD21,276.95,306.95
Baldor,globalindustrial,697956,VS1MD22,345.95,383.95
Baldor,globalindustrial,697962,VS1MD23,398.95,443.95
Baldor,globalindustrial,697966,VS1MD25,512.00,569.00
Baldor,globalindustrial,697968,VS1MD27,747.00,830.00
Baldor,electricmotorwholesale,698523,VS1SP43-4B,1228.00,1218.00
Baldor,globalindustrial,697990,VS1MD47,747.00,831.00
Baldor,globalindustrial,698009,VS1MX10P5-4,481.95,438.95
Baldor,globalindustrial,698013,VS1MX11-4,501.00,453.95
Baldor,globalindustrial,698021,VS1MX20P5-4,430.95,391.95
Baldor,globalindustrial,698027,VS1MX22-2,450.95,408.95
Baldor,globalindustrial,698033,VS1MX22-4,544.00,445.95
Baldor,globalindustrial,698063,VS1MX42-2,647.00,529.00
Baldor,globalindustrial,698071,VS1MX42-4,634.00,576.00
Baldor,globalindustrial,698103,VS1MX80P5-4,418.95,380.95
Baldor,globalindustrial,698123,VS1MX82-4,550.00,493.95
Baldor,globalindustrial,698169,VS1SM81,295.95,261.95
Baldor,globalindustrial,698171,VS1SM82,365.95,330.95
Baldor,globalindustrial,698329,VS1PF-T220,197.95,394.95
Baldor,electricmotorwholesale,699912,EM7114T,828.00,999.00
Baldor,electricmotorwholesale,699913,EM7142T,943.00,1065.00
Baldor,electricmotorwholesale,699914,EM7144T,1136.00,1334.00
Baldor,electricmotorwholesale,699915,EM7147T,1421.00,1581.00
Baldor,electricmotorwholesale,699954,D2010R,8131.00,5532.00
Baldor,electricmotorwholesale,699958,D2020R,8080.00,9107.00
Baldor,electricmotorwholesale,699960,D2025R,8940.00,9107.00
Baldor,electricmotorwholesale,699984,D5015R,8080.00,7472.00
Baldor,electricmotorwholesale,699994,D5025R,8940.00,9107.00
Baldor,electricmotorwholesale,699999,D5030R,9715.00,12915.00
Baldor,electricmotorwholesale,700004,D5040R,11560.00,14015.00
Baldor,electricmotorwholesale,700011,D5060R,14622.00,22415.00
Baldor,globalindustrial,699530,EM7072T,1253.00,1091.00
Baldor,globalindustrial,699743,VM3661T,618.00,658.00
Baldor,globalindustrial,699900,EM7044T,1179.00,1178.00
Baldor,globalindustrial,699908,EM7068T,8277.00,9461.00
Baldor,globalindustrial,699911,EM7090T,10615.00,10987.00
Baldor,globalindustrial,699912,EM7114T,829.00,1089.00
Baldor,globalindustrial,699913,EM7142T,943.00,1161.00
Baldor,globalindustrial,699915,EM7147T,1421.00,1723.00
Baldor,globalindustrial,699989,D5020R,8080.00,8333.00
Baldor,globalindustrial,699994,D5025R,8940.00,9107.00
Baldor,globalindustrial,700004,D5040R,11558.00,14014.00
Baldor,globalindustrial,700008,D5050R,12976.00,20053.00
Baldor,globalindustrial,700011,D5060R,14623.00,22414.00
Baldor,globalindustrial,702026,ECP3580T,545.00,594.00
Baldor,globalindustrial,702027,ECP3583T,620.00,676.00
Baldor,globalindustrial,702028,ECP3586T,649.00,707.00
