Redlion,walkeremd,286249,AIMI0202,222.30,2223.00
Redlion,walkeremd,286236,AAMA3535,343.90,3439.00
Redlion,walkeremd,286939,MPAXCK00,186.20,221.35
Redlion,walkeremd,287003,MPAXCK10,207.10,248.90
Redlion,walkeremd,287008,MPAXP000,210.90,326.80
Redlion,walkeremd,287026,MPAXD000,221.35,323.00
Redlion,walkeremd,287061,MPAXP010,239.40,354.35
Redlion,walkeremd,287085,MPAXD010,248.90,350.55
Redlion,walkeremd,287090,LGS00001,316.35,19.95
Redlion,walkeremd,287111,LGS00000,334.40,338.20
Redlion,walkeremd,287130,LGS00100,356.25,32.30
Redlion,walkeremd,287135,MPAXH000,285.95,259.35
Redlion,walkeremd,287205,MPAXDP00,323.00,333.45
Redlion,walkeremd,287243,MPAXDP10,350.55,356.25
Redlion,walkeremd,287252,PAXDP000,323.00,343.90
Redlion,walkeremd,287285,PAXDP010,350.55,371.45
Redlion,walkeremd,629670,ZCG0200C,171.95,140.60
Redlion,walkeremd,674685,ZCG0001C,133.00,139.65
Redlion,walkeremd,864534,DMOSCB02,9.50,42.75
Redlion,walkeremd,864879,PAXLCRU0,163.40,191.90
Redlion,walkeremd,864956,ZCG0120C,139.65,171.95
Redlion,alliedelec,286828,PAXLIA00,117.15,144.00
Redlion,alliedelec,287075,CSDIO14S,205.02,252.00
Redlion,alliedelec,287024,C48TD105,184.68,227.00
Redlion,alliedelec,287279,GEM42060,519.00,422.24
Redlion,plccenter,286236,AAMA3535,339.50,362.00
Redlion,plccenter,286249,AIMI0202,219.50,234.00
Redlion,plccenter,286356,C48CB001,186.00,198.00
Redlion,plccenter,286357,C48CB003,168.00,179.00
Redlion,plccenter,286358,C48CB004,187.50,200.00
Redlion,plccenter,286359,C48CB005,213.00,227.00
Redlion,plccenter,286360,C48CB008,215.00,229.00
Redlion,plccenter,286361,C48CB009,215.00,229.00
Redlion,plccenter,286362,C48CB011,197.00,210.00
Redlion,plccenter,286363,C48CB014,178.50,190.00
Redlion,plccenter,286364,C48CB100,197.00,210.00
Redlion,plccenter,286365,C48CB101,197.00,210.00
Redlion,plccenter,286366,C48CB103,199.00,212.00
Redlion,plccenter,286367,C48CB104,199.00,212.00
Redlion,plccenter,286368,C48CB105,224.50,239.00
Redlion,plccenter,286369,C48CB108,226.00,241.00
Redlion,plccenter,286370,C48CB109,226.00,241.00
Redlion,plccenter,286371,C48CB110,206.50,220.00
Redlion,plccenter,286372,C48CB111,206.50,220.00
Redlion,plccenter,286373,C48CB114,208.50,222.00
Redlion,plccenter,286374,C48CB119,236.50,252.00
Redlion,plccenter,286375,C48CD002,177.50,189.00
Redlion,plccenter,286376,C48CD005,203.50,217.00
Redlion,plccenter,286377,C48CD007,205.50,219.00
Redlion,plccenter,286378,C48CD012,177.50,189.00
Redlion,plccenter,286379,C48CD015,213.00,227.00
Redlion,plccenter,286380,C48CD017,215.00,229.00
Redlion,plccenter,286381,C48CD100,186.00,198.00
Redlion,plccenter,286382,C48CD101,186.00,198.00
Redlion,plccenter,286383,C48CD102,187.50,200.00
Redlion,plccenter,286384,C48CD105,213.00,227.00
Redlion,plccenter,286385,C48CD106,213.00,227.00
Redlion,plccenter,286386,C48CD107,215.00,229.00
Redlion,plccenter,286387,C48CD110,197.00,210.00
Redlion,plccenter,286388,C48CD111,197.00,210.00
Redlion,plccenter,286389,C48CD112,199.00,212.00
Redlion,plccenter,286390,C48CD115,224.50,239.00
Redlion,plccenter,286391,C48CD116,224.50,239.00
Redlion,plccenter,286392,C48CD117,226.00,241.00
Redlion,plccenter,286393,C48CP001,186.00,198.00
Redlion,plccenter,286394,C48CP005,213.00,227.00
Redlion,plccenter,286395,C48CP011,197.00,210.00
Redlion,plccenter,286396,C48CP015,224.50,239.00
Redlion,plccenter,286397,C48CP100,197.00,210.00
Redlion,plccenter,286398,C48CP101,197.00,210.00
Redlion,plccenter,286399,C48CP105,224.50,239.00
Redlion,plccenter,286400,C48CP110,206.50,220.00
Redlion,plccenter,286401,C48CP111,206.50,220.00
Redlion,plccenter,286402,C48CP115,234.50,250.00
Redlion,plccenter,286412,TMPACC03,1.88,2.00
Redlion,plccenter,286449,TMPACC04,7.50,8.00
Redlion,plccenter,286467,TMPACC05,9.38,10.00
Redlion,plccenter,286476,RLY10000,15.00,16.00
Redlion,plccenter,286511,RLY30000,23.50,25.00
Redlion,plccenter,286516,SCUB1000,22.50,24.00
Redlion,plccenter,286540,SCUB2000,29.10,31.00
Redlion,plccenter,286561,TMPACC01,30.00,32.00
Redlion,plccenter,286571,MDMU0100,32.90,35.00
Redlion,plccenter,286582,MDMU0000,35.70,38.00
Redlion,plccenter,286586,TMPACC02,31.90,34.00
Redlion,plccenter,286620,MDMU0110,43.50,46.40
Redlion,plccenter,286621,MDMU0120,43.20,46.00
Redlion,plccenter,286631,MDMU0010,46.00,49.00
Redlion,plccenter,286632,MDMU0020,46.00,49.00
Redlion,plccenter,286637,MDMV0100,46.90,50.00
Redlion,plccenter,286645,MDMV0000,51.00,54.00
Redlion,plccenter,286662,CUB7P000,56.50,60.00
Redlion,plccenter,286663,CUB7P200,56.50,60.00
Redlion,plccenter,286666,EPAXPGM0,62.00,66.00
Redlion,plccenter,286667,CUB4L000,66.00,70.00
Redlion,plccenter,286668,CUB4L800,66.00,70.00
Redlion,plccenter,286669,CUB4LM00,66.00,70.00
Redlion,plccenter,286675,MDMV0110,63.00,67.00
Redlion,plccenter,286676,MDMV0120,64.00,68.00
Redlion,plccenter,286683,TMPE2SU1,35.70,38.00
Redlion,plccenter,286684,TMPJ2SU1,42.20,45.00
Redlion,plccenter,286685,TMPK2SU1,38.50,41.00
Redlion,plccenter,286686,TMPT2SU1,45.00,48.00
Redlion,plccenter,286688,CUB7P100,61.00,65.00
Redlion,plccenter,286689,RLY60000,82.00,87.00
Redlion,plccenter,286691,TMPJ2SU2,38.50,41.00
Redlion,plccenter,286692,TMPK2SU2,38.50,41.00
Redlion,plccenter,286698,EMMDC000,66.00,70.00
Redlion,plccenter,286702,MDMV0010,66.00,70.00
Redlion,plccenter,286703,MDMV0020,66.00,70.00
Redlion,plccenter,286705,CUB4L8W0,72.50,77.00
Redlion,plccenter,286710,CUB4L8WM,76.50,81.50
Redlion,plccenter,286716,DT800000,79.00,84.00
Redlion,plccenter,286717,EMDC0000,76.00,81.00
Redlion,plccenter,286723,CUB7P010,76.00,81.00
Redlion,plccenter,286724,CUB7P020,76.00,81.00
Redlion,plccenter,286725,CUB7P210,76.00,81.00
Redlion,plccenter,286727,RLY6A000,112.50,120.00
Redlion,plccenter,286728,CUB4L010,90.00,96.00
Redlion,plccenter,286729,CUB4L020,90.00,96.00
Redlion,plccenter,286731,CUB7P110,81.00,86.00
Redlion,plccenter,286732,CUB7P120,81.00,86.00
Redlion,plccenter,286733,CUB4L810,93.00,99.00
Redlion,plccenter,286734,CUB4L820,93.00,99.00
Redlion,plccenter,286741,CUB4L80M,95.00,101.00
Redlion,plccenter,286745,TMPA2S01,75.00,80.00
Redlion,plccenter,286746,TMPA2S02,75.00,80.00
Redlion,plccenter,286749,CUB4L8W1,99.50,106.50
Redlion,plccenter,286750,CUB4L8W2,99.50,106.50
Redlion,plccenter,286759,CUB4I000,101.50,108.00
Redlion,plccenter,286760,CUB4V000,101.50,108.00
Redlion,plccenter,286761,EMMDC001,97.00,103.00
Redlion,plccenter,286763,RCMDC001,94.00,100.00
Redlion,plccenter,286765,CUB5R000,95.00,101.00
Redlion,plccenter,286766,CUB5TR00,95.00,101.00
Redlion,plccenter,286767,TMPE2SU3,38.50,41.00
Redlion,plccenter,286768,TMPJ2SU3,38.50,41.00
Redlion,plccenter,286769,TMPK2SU3,38.50,41.00
Redlion,plccenter,286770,DT800010,102.50,109.00
Redlion,plccenter,286771,DT800020,102.50,109.00
Redlion,plccenter,286779,CUB4I010,112.50,120.00
Redlion,plccenter,286780,CUB4I020,112.50,120.00
Redlion,plccenter,286781,CUB4V010,112.50,120.00
Redlion,plccenter,286782,CUB4V020,112.50,120.00
Redlion,plccenter,286783,PAXLID00,112.50,120.00
Redlion,plccenter,286784,PAXLVD00,107.00,114.00
Redlion,plccenter,286786,CUB5B000,106.00,113.00
Redlion,plccenter,286787,CUB5TB00,106.00,113.00
Redlion,plccenter,286789,RCDC0000,106.00,113.00
Redlion,plccenter,286790,RRMDC000,111.00,118.00
Redlion,plccenter,286798,PRDC0000,119.50,127.00
Redlion,plccenter,286799,RRDC0000,119.50,127.00
Redlion,plccenter,286802,PRMDC001,121.00,129.00
Redlion,plccenter,286806,P1610000,117.50,125.00
Redlion,plccenter,286807,P1610010,117.50,125.00
Redlion,plccenter,286808,P1620000,117.50,125.00
Redlion,plccenter,286809,P1620010,117.50,125.00
Redlion,plccenter,286810,T1610000,121.00,129.00
Redlion,plccenter,286811,T1610010,121.00,129.00
Redlion,plccenter,286812,T1620000,121.00,129.00
Redlion,plccenter,286813,T1620010,121.00,129.00
Redlion,plccenter,286828,PAXLIA00,135.00,144.00
Redlion,plccenter,286829,PAXLVA00,135.00,144.00
Redlion,plccenter,286830,CUB4LP00,141.00,150.00
Redlion,plccenter,286834,CUB4LP40,143.50,153.00
Redlion,plccenter,286836,MPAXTM00,141.00,150.00
Redlion,plccenter,286842,CUB4CL10,152.00,162.00
Redlion,plccenter,286843,CUB4CL20,152.00,162.00
Redlion,plccenter,286844,CUB4CL30,152.00,162.00
Redlion,plccenter,286845,CUB4CL40,152.00,162.00
Redlion,plccenter,286847,PAXLC600,142.00,151.00
Redlion,plccenter,286848,PAXLR000,142.00,151.00
Redlion,plccenter,286872,C48CS003,281.50,152.00
Redlion,plccenter,286873,C48CS013,142.50,152.00
Redlion,plccenter,286874,C48TS003,142.50,152.00
Redlion,plccenter,286875,C48TS013,142.50,152.00
Redlion,plccenter,286877,IFMR0036,148.50,158.00
Redlion,plccenter,286878,IFMR0066,148.50,158.00
Redlion,plccenter,286879,P1611100,136.00,145.00
Redlion,plccenter,286880,P1611110,136.00,145.00
Redlion,plccenter,286881,P1621100,136.00,145.00
Redlion,plccenter,286882,P1621110,136.00,145.00
Redlion,plccenter,286883,T1611100,140.00,149.00
Redlion,plccenter,286884,T1611110,140.00,149.00
Redlion,plccenter,286885,T1621100,140.00,149.00
Redlion,plccenter,286886,T1621110,140.00,149.00
Redlion,plccenter,286887,PAXLCL00,147.50,157.00
Redlion,plccenter,286888,PAXLHV00,147.50,157.00
Redlion,plccenter,286889,PAXLIT00,147.50,157.00
Redlion,plccenter,286890,PAXLPV00,147.50,157.00
Redlion,plccenter,286906,PAXLC800,152.00,162.00
Redlion,plccenter,286913,RLY70000,169.00,180.00
Redlion,plccenter,286918,MPAXTM10,167.00,178.00
Redlion,plccenter,286919,C48CS004,162.50,173.00
Redlion,plccenter,286920,C48TS004,162.50,173.00
Redlion,plccenter,286922,PAXTM000,161.50,172.00
Redlion,plccenter,286928,P1641100,164.50,175.00
Redlion,plccenter,286929,P1641110,164.50,175.00
Redlion,plccenter,286930,T1641100,169.00,180.00
Redlion,plccenter,286931,T1641110,169.00,180.00
Redlion,plccenter,286932,C48CS014,173.50,185.00
Redlion,plccenter,286933,C48CS103,173.50,185.00
Redlion,plccenter,286934,C48CS104,173.50,185.00
Redlion,plccenter,286935,C48TS014,173.50,185.00
Redlion,plccenter,286936,C48TS103,173.50,185.00
Redlion,plccenter,286937,C48TS104,173.50,185.00
Redlion,plccenter,286938,MPAXC000,183.50,196.00
Redlion,plccenter,286939,MPAXCK00,184.00,196.00
Redlion,plccenter,286940,MPAXR000,183.50,196.00
Redlion,plccenter,286941,C48TD001,176.50,188.00
Redlion,plccenter,286942,LIBC1000,231.00,246.00
Redlion,plccenter,286943,LIBC1010,231.00,246.00
Redlion,plccenter,286944,LIBT1000,231.00,246.00
Redlion,plccenter,286945,LIBT1010,231.00,246.00
Redlion,plccenter,286946,C48TD002,178.50,190.00
Redlion,plccenter,286948,PAXLRT00,184.00,196.00
Redlion,plccenter,286949,PAXLTC00,184.00,196.00
Redlion,plccenter,286950,PAXTM100,178.50,190.00
Redlion,plccenter,286958,C48CS113,183.00,195.00
Redlion,plccenter,286959,C48CS114,183.00,195.00
Redlion,plccenter,286960,C48TS113,183.00,195.00
Redlion,plccenter,286961,C48TS114,183.00,195.00
Redlion,plccenter,286962,IFMA0035,189.50,202.00
Redlion,plccenter,286963,IFMA0065,189.50,202.00
Redlion,plccenter,286964,C48TD011,186.00,198.00
Redlion,plccenter,286965,C48TD101,186.00,198.00
Redlion,plccenter,286966,IAMA3535,192.50,205.00
Redlion,plccenter,286967,IAMA6262,198.00,211.00
Redlion,plccenter,286968,LIBC1E00,246.00,262.00
Redlion,plccenter,286969,LIBC1E10,246.00,262.00
Redlion,plccenter,286970,LIBT1E00,246.00,262.00
Redlion,plccenter,286971,LIBT1E10,246.00,262.00
Redlion,plccenter,286972,IRMA2003,193.50,206.00
Redlion,plccenter,286973,IRMA3035,193.50,206.00
Redlion,plccenter,286974,ITMA2003,193.50,206.00
Redlion,plccenter,286975,ITMA3035,193.50,206.00
Redlion,plccenter,286981,C48TD012,187.50,200.00
Redlion,plccenter,286982,C48TD102,187.50,200.00
Redlion,plccenter,286985,PAXTM010,188.50,201.00
Redlion,plccenter,286986,DP5P0000,188.50,201.00
Redlion,plccenter,286987,DP5T0000,188.50,201.00
Redlion,plccenter,286988,P4810000,185.00,197.00
Redlion,plccenter,286989,T4810000,185.00,197.00
Redlion,plccenter,286990,T4820000,185.00,197.00
Redlion,plccenter,286992,PT00001R,211.00,225.00
Redlion,plccenter,286993,PT00002R,220.50,235.00
Redlion,plccenter,286994,PT00010R,220.50,235.00
Redlion,plccenter,286995,PT00250R,220.50,235.00
Redlion,plccenter,286996,C48TD111,197.00,210.00
Redlion,plccenter,286997,LIBC2000,259.00,276.00
Redlion,plccenter,286998,LIBC2010,259.00,276.00
Redlion,plccenter,286999,LIBT2000,259.00,276.00
Redlion,plccenter,287000,LIBT2010,259.00,276.00
Redlion,plccenter,287001,C48TD112,199.00,212.00
Redlion,plccenter,287002,MPAXC010,211.00,225.00
Redlion,plccenter,287003,MPAXCK10,204.50,218.00
Redlion,plccenter,287004,MPAXR010,211.00,225.00
Redlion,plccenter,287006,C48TD005,203.50,217.00
Redlion,plccenter,287007,DP5D0000,198.00,211.00
Redlion,plccenter,287008,MPAXP000,208.50,222.00
Redlion,plccenter,287009,MPAXT000,208.50,222.00
Redlion,plccenter,287010,PAXC0000,202.00,215.00
Redlion,plccenter,287011,PAXCK000,202.00,215.00
Redlion,plccenter,287012,PAXLPT00,208.50,222.00
Redlion,plccenter,287013,PAXLSG00,208.50,222.00
Redlion,plccenter,287014,PAXR0000,202.00,221.50
Redlion,plccenter,287015,C48TD007,205.50,219.00
Redlion,plccenter,287016,PAXTM110,203.50,217.00
Redlion,plccenter,287017,LIBC2E00,274.00,292.00
Redlion,plccenter,287018,LIBC2E10,274.00,292.00
Redlion,plccenter,287019,LIBT2E00,274.00,292.00
Redlion,plccenter,287020,LIBT2E10,274.00,292.00
Redlion,plccenter,287024,C48TD105,213.00,227.00
Redlion,plccenter,287025,C48TD106,213.00,227.00
Redlion,plccenter,287026,MPAXD000,218.50,233.00
Redlion,plccenter,287030,C48TD107,215.00,229.00
Redlion,plccenter,287034,CSPID1R0,217.50,232.00
Redlion,plccenter,287035,CSPID1S0,217.50,232.00
Redlion,plccenter,287038,PAXC0100,224.50,239.00
Redlion,plccenter,287039,PAXCK100,217.50,232.00
Redlion,plccenter,287040,PAXR0100,224.50,239.00
Redlion,plccenter,287041,T4811000,209.50,223.00
Redlion,plccenter,287042,T4821000,209.50,223.00
Redlion,plccenter,287043,DP5P0010,214.00,228.00
Redlion,plccenter,287044,DP5T0010,214.00,228.00
Redlion,plccenter,287045,P4810010,210.00,224.00
Redlion,plccenter,287046,T4810010,210.00,224.00
Redlion,plccenter,287047,T4820010,210.00,224.00
Redlion,plccenter,287051,C48TD116,224.50,239.00
Redlion,plccenter,287053,MPAXI000,209.00,223.00
Redlion,plccenter,287054,TLA21000,214.00,228.00
Redlion,plccenter,287058,C48TD117,226.00,241.00
Redlion,plccenter,287060,DP5D0010,224.50,239.00
Redlion,plccenter,287061,MPAXP010,236.50,252.00
Redlion,plccenter,287062,MPAXT010,236.50,252.00
Redlion,plccenter,287063,PAXC0010,236.00,244.00
Redlion,plccenter,287064,PAXCK010,229.00,244.00
Redlion,plccenter,287065,PAXR0010,236.00,251.50
Redlion,plccenter,287068,P4811100,223.50,238.00
Redlion,plccenter,287069,PAXP0000,232.50,248.00
Redlion,plccenter,287070,PAXT0000,232.50,248.00
Redlion,plccenter,287071,T4811100,223.50,238.00
Redlion,plccenter,287072,T4821100,223.50,238.00
Redlion,plccenter,287073,TLA11100,223.50,238.00
Redlion,plccenter,287074,CSDIO14R,236.50,252.00
Redlion,plccenter,287075,CSDIO14S,236.50,252.00
Redlion,plccenter,287076,CSPID1RA,236.50,252.00
Redlion,plccenter,287077,CSPID1RM,236.50,252.00
Redlion,plccenter,287078,CSPID1SA,236.50,252.00
Redlion,plccenter,287079,CSPID1SM,236.50,252.00
Redlion,plccenter,287080,CSPID1TA,236.50,252.00
Redlion,plccenter,287085,MPAXD010,246.00,262.00
Redlion,plccenter,287086,TLA21010,229.00,244.00
Redlion,plccenter,287090,LGS00001,312.50,333.00
Redlion,plccenter,287091,IAMA0006,254.50,271.00
Redlion,plccenter,287092,P4800001,233.50,249.00
Redlion,plccenter,287094,TCU00000,233.50,249.00
Redlion,plccenter,287095,PAXC0110,251.50,268.00
Redlion,plccenter,287096,PAXCK110,244.00,260.00
Redlion,plccenter,287097,PAXR0110,251.50,268.00
Redlion,plccenter,287099,PAXP0100,247.50,264.00
Redlion,plccenter,287100,PAXT0100,247.50,264.00
Redlion,plccenter,287101,T4810002,238.50,254.00
Redlion,plccenter,287102,LPAX0500,276.00,294.00
Redlion,plccenter,287103,LPAXDA00,276.00,294.00
Redlion,plccenter,287104,MPAXI010,264.00,281.50
Redlion,plccenter,287105,P4811110,239.50,255.00
Redlion,plccenter,287106,T4811110,239.50,255.00
Redlion,plccenter,287107,T4821110,239.50,255.00
Redlion,plccenter,287108,TLA11110,239.50,255.00
Redlion,plccenter,287110,PAXI0000,252.50,269.00
Redlion,plccenter,287111,LGS00000,330.00,352.00
Redlion,plccenter,287113,GEM10060,345.00,368.00
Redlion,plccenter,287116,LGS00101,334.00,356.00
Redlion,plccenter,287117,PAXD0100,257.00,274.00
Redlion,plccenter,287118,P4800011,248.50,265.00
Redlion,plccenter,287119,PAXP0010,258.00,275.00
Redlion,plccenter,287120,PAXT0010,258.00,275.00
Redlion,plccenter,287121,P4810101,252.50,269.00
Redlion,plccenter,287122,T4810101,252.50,269.00
Redlion,plccenter,287123,T4820201,252.50,269.00
Redlion,plccenter,287124,T4832200,252.50,269.00
Redlion,plccenter,287125,LGD00001,342.50,365.00
Redlion,plccenter,287129,PAXI0100,277.50,296.00
Redlion,plccenter,287130,LGS00100,352.00,375.00
Redlion,plccenter,287131,LPAX0600,299.50,319.00
Redlion,plccenter,287132,LPAXCK00,299.50,319.00
Redlion,plccenter,287133,PAXD0010,270.00,288.00
Redlion,plccenter,287135,MPAXH000,282.50,301.00
Redlion,plccenter,287136,PCU10000,262.50,280.00
Redlion,plccenter,287137,TCU10000,262.50,280.00
Redlion,plccenter,287138,PAXP0110,275.00,293.00
Redlion,plccenter,287139,PAXT0110,275.00,293.00
Redlion,plccenter,287144,P4811102,267.50,285.00
Redlion,plccenter,287146,T4811103,267.50,285.00
Redlion,plccenter,287147,T4811104,267.50,285.00
Redlion,plccenter,287148,T4821103,267.50,285.00
Redlion,plccenter,287149,T4821104,267.50,285.00
Redlion,plccenter,287150,LGD00101,364.00,388.00
Redlion,plccenter,287151,P4810111,268.50,286.00
Redlion,plccenter,287152,PAXI0010,288.00,307.00
Redlion,plccenter,287153,T4810111,268.50,286.00
Redlion,plccenter,287154,T4820211,268.50,286.00
Redlion,plccenter,287156,LGD00000,369.50,394.00
Redlion,plccenter,287157,PAXD0110,284.50,303.00
Redlion,plccenter,287165,CSMSTRV2,289.00,308.00
Redlion,plccenter,287166,DLC00001,289.00,308.00
Redlion,plccenter,287169,P4810105,282.50,301.00
Redlion,plccenter,287170,T4810105,282.50,301.00
Redlion,plccenter,287171,T4810106,282.50,301.00
Redlion,plccenter,287172,T4811102,282.50,301.00
Redlion,plccenter,287173,T4820205,282.50,301.00
Redlion,plccenter,287174,T4820206,282.50,301.00
Redlion,plccenter,287175,T4820208,282.50,301.00
Redlion,plccenter,287176,T4820209,282.50,301.00
Redlion,plccenter,287177,T4821102,282.50,301.00
Redlion,plccenter,287178,P4811112,283.50,302.00
Redlion,plccenter,287179,PAXI0110,303.50,323.50
Redlion,plccenter,287180,T4811113,283.50,302.00
Redlion,plccenter,287181,T4811114,283.50,302.00
Redlion,plccenter,287182,T4821113,283.50,302.00
Redlion,plccenter,287183,T4821114,283.50,302.00
Redlion,plccenter,287187,TCU00001,287.00,306.00
Redlion,plccenter,287191,LGD00100,391.00,417.00
Redlion,plccenter,287192,GEM41060,408.00,435.00
Redlion,plccenter,287196,PAXH0000,303.00,323.00
Redlion,plccenter,287197,T4810107,292.00,311.00
Redlion,plccenter,287198,T4810108,292.00,311.00
Redlion,plccenter,287199,T4810109,292.00,311.00
Redlion,plccenter,287203,P4810107,296.50,316.00
Redlion,plccenter,287204,TCU00002,296.50,316.00
Redlion,plccenter,287205,MPAXDP00,319.00,340.00
Redlion,plccenter,287206,P4810115,297.50,317.00
Redlion,plccenter,287207,T4810115,297.50,317.00
Redlion,plccenter,287208,T4810116,297.50,317.00
Redlion,plccenter,287209,T4811112,297.50,317.00
Redlion,plccenter,287210,T4820215,297.50,317.00
Redlion,plccenter,287211,T4820216,297.50,317.00
Redlion,plccenter,287212,T4820218,297.50,317.00
Redlion,plccenter,287213,T4821112,297.50,317.00
Redlion,plccenter,287214,CSSG10RA,306.00,326.00
Redlion,plccenter,287215,CSSG10SA,306.00,326.00
Redlion,plccenter,287220,MPAXS000,322.50,344.00
Redlion,plccenter,287221,P481010A,301.00,321.00
Redlion,plccenter,287222,T481010A,301.00,321.00
Redlion,plccenter,287224,GEM20060,388.50,459.00
Redlion,plccenter,287226,PAXH0100,320.00,341.00
Redlion,plccenter,287228,CSPID2R0,325.50,347.00
Redlion,plccenter,287229,CSPID2S0,325.50,347.00
Redlion,plccenter,287230,CSPID2T0,325.50,347.00
Redlion,plccenter,287231,P4810117,312.50,333.00
Redlion,plccenter,287232,T4810117,312.50,333.00
Redlion,plccenter,287233,T4810118,312.50,333.00
Redlion,plccenter,287234,T4810119,312.50,333.00
Redlion,plccenter,287235,LGB00000,425.00,453.00
Redlion,plccenter,287237,PCU01000,316.00,337.00
Redlion,plccenter,287238,PCU10001,316.00,337.00
Redlion,plccenter,287239,TCU10001,316.00,337.00
Redlion,plccenter,287240,P481011A,317.00,338.00
Redlion,plccenter,287241,T481011A,317.00,338.00
Redlion,plccenter,287242,DLC01001,327.50,349.00
Redlion,plccenter,287243,MPAXDP10,346.00,369.00
Redlion,plccenter,287244,LD200400,353.50,377.00
Redlion,plccenter,287248,PCU10002,325.50,347.00
Redlion,plccenter,287249,TCU10002,325.50,347.00
Redlion,plccenter,287250,GEM41160,458.50,489.00
Redlion,plccenter,287251,MPAXS010,350.00,373.00
Redlion,plccenter,287252,PAXDP000,339.50,362.00
Redlion,plccenter,287256,LGB00100,446.50,476.00
Redlion,plccenter,287257,PAXS0000,344.50,367.00
Redlion,plccenter,287258,LGM00001,454.00,484.00
Redlion,plccenter,287262,PCU01001,336.00,358.00
Redlion,plccenter,287263,TCU01001,336.00,358.00
Redlion,plccenter,287264,DLC11001,347.00,370.00
Redlion,plccenter,287265,CSPID2RM,354.50,378.00
Redlion,plccenter,287266,CSPID2SM,354.50,378.00
Redlion,plccenter,287267,CSPID2TM,354.50,378.00
Redlion,plccenter,287271,GEM33060,479.50,511.00
Redlion,plccenter,287272,GEM20160,482.00,514.00
Redlion,plccenter,287274,PAXS0100,359.50,383.00
Redlion,plccenter,287275,PCU11000,345.00,368.00
Redlion,plccenter,287276,DLCD1001,385.50,411.00
Redlion,plccenter,287277,DLCN0001,385.50,411.00
Redlion,plccenter,287278,DLCN0011,385.50,411.00
Redlion,plccenter,287279,GEM42060,439.00,519.00
Redlion,plccenter,287281,LGM00101,475.50,507.00
Redlion,plccenter,287285,PAXDP010,367.00,391.00
Redlion,plccenter,287288,PAXS0010,371.50,396.00
Redlion,plccenter,287290,PCU11001,365.00,389.00
Redlion,plccenter,287291,PCU12001,365.00,389.00
Redlion,plccenter,287292,TCU11001,365.00,389.00
Redlion,plccenter,287293,TCU12001,365.00,389.00
Redlion,plccenter,287294,CSRTD600,384.50,410.00
Redlion,plccenter,287297,MDC00100,477.50,509.00
Redlion,plccenter,287298,PAXS0110,385.50,411.00
Redlion,plccenter,287301,PCU11002,374.50,399.00
Redlion,plccenter,287302,TCU11002,374.50,399.00
Redlion,plccenter,287303,CSSG11RA,382.50,408.00
Redlion,plccenter,287304,CSSG11SA,382.50,408.00
Redlion,plccenter,287305,LD200600,410.00,437.00
Redlion,plccenter,287306,GEM52060,528.00,563.00
Redlion,plccenter,287307,GEM33160,529.00,564.00
Redlion,plccenter,287311,DLCN1001,427.00,455.50
Redlion,plccenter,287312,DLCN1011,427.00,455.50
Redlion,plccenter,287313,GEM42160,541.00,577.00
Redlion,plccenter,287319,DLCN1101,448.50,478.00
Redlion,plccenter,287320,DLCN1111,448.50,478.00
Redlion,plccenter,287321,LGPB0000,548.50,585.00
Redlion,plccenter,287322,LGPB0100,548.50,585.00
Redlion,plccenter,287323,LGPBF100,517.00,551.00
Redlion,plccenter,287324,TCU01004,404.50,431.00
Redlion,plccenter,287325,TCU11208,404.50,431.00
Redlion,plccenter,287326,TSC01001,404.50,431.00
Redlion,plccenter,287333,GEM52160,581.50,620.00
Redlion,plccenter,287334,TCU01005,413.50,441.00
Redlion,plccenter,287344,LD2006P0,461.50,492.00
Redlion,plccenter,287345,LD2T06P0,461.50,492.00
Redlion,plccenter,287346,TCU10204,423.00,451.00
Redlion,plccenter,287347,LGPM0001,559.50,596.50
Redlion,plccenter,287348,LGPM0101,543.00,596.50
Redlion,plccenter,287351,LGPB0200,582.50,621.00
Redlion,plccenter,287352,PCU11004,433.50,462.00
Redlion,plccenter,287353,PCU12004,433.50,462.00
Redlion,plccenter,287354,PSC11001,433.50,462.00
Redlion,plccenter,287355,TCU11004,433.50,462.00
Redlion,plccenter,287356,TCU12004,433.50,462.00
Redlion,plccenter,287357,TSC11001,433.50,462.00
Redlion,plccenter,287359,PCU11005,442.50,472.00
Redlion,plccenter,287360,PCU11108,442.50,472.00
Redlion,plccenter,287361,PCU11306,442.50,472.00
Redlion,plccenter,287362,PCU12005,442.50,472.00
Redlion,plccenter,287363,PCU12108,442.50,472.00
Redlion,plccenter,287364,PCU12306,442.50,472.00
Redlion,plccenter,287365,TCU11005,442.50,472.00
Redlion,plccenter,287366,TCU11108,442.50,472.00
Redlion,plccenter,287367,TCU11306,442.50,472.00
Redlion,plccenter,287368,TCU12005,442.50,472.00
Redlion,plccenter,287369,TCU12108,442.50,472.00
Redlion,plccenter,287370,TCU12306,442.50,472.00
Redlion,plccenter,287372,EPAX0500,515.00,549.00
Redlion,plccenter,287378,LGPM0201,592.00,631.50
Redlion,plccenter,287379,LD400400,497.00,530.00
Redlion,plccenter,287382,PCU10104,462.50,493.00
Redlion,plccenter,287383,PCU10307,462.50,493.00
Redlion,plccenter,287384,TCU10104,462.50,493.00
Redlion,plccenter,287385,TCU10307,462.50,493.00
Redlion,plccenter,287386,EPAX0600,537.50,573.00
Redlion,plccenter,287387,CSMSTRSX,872.00,930.00
Redlion,plccenter,287392,PSC12004,487.00,519.00
Redlion,plccenter,287393,CSINI800,513.00,547.00
Redlion,plccenter,287394,CSINV800,513.00,547.00
Redlion,plccenter,287395,CSTC8000,513.00,547.00
Redlion,plccenter,287401,PSC12005,496.00,529.00
Redlion,plccenter,287403,PSC11004,502.00,535.00
Redlion,plccenter,287404,TSC11004,502.00,535.00
Redlion,plccenter,287405,TSC12004,502.00,535.00
Redlion,plccenter,287407,PSC11005,511.00,545.00
Redlion,plccenter,287408,TSC11005,511.00,545.00
Redlion,plccenter,287409,TSC12005,511.00,545.00
Redlion,plccenter,287410,CSINI8L0,542.00,578.00
Redlion,plccenter,287411,CSINV8L0,542.00,578.00
Redlion,plccenter,287417,LD400600,600.00,640.00
Redlion,plccenter,287418,G303M000,562.00,599.00
Redlion,plccenter,287422,LD4006P0,652.00,695.00
Redlion,plccenter,287423,LD4T06P0,652.00,695.00
Redlion,plccenter,287424,G303S000,608.50,649.00
Redlion,plccenter,287426,CSMSTRGT,1163.00,1.00
Redlion,plccenter,287444,G310C000,2387.00,2.00
Redlion,plccenter,287447,G3BFDM00,5794.00,6.00
Redlion,plccenter,287448,GTM10080,6470.00,6.00
Redlion,plccenter,287449,GTM1008S,6760.00,7.00
Redlion,plccenter,629670,ZCG0200C,170.00,181.00
Redlion,plccenter,641431,PAXLA000,168.00,179.00
Redlion,plccenter,641436,ZPJ0600A,299.50,319.00
Redlion,plccenter,641672,ZCG0060C,138.00,147.00
Redlion,plccenter,669688,PAXD0000,243.00,259.00
Redlion,plccenter,672125,PAXLCR00,161.50,172.00
Redlion,plccenter,673829,G304K000,374.50,399.00
Redlion,plccenter,674685,ZCG0001C,131.50,140.00
Redlion,plccenter,674705,CUB5PB00,131.50,140.00
Redlion,plccenter,675355,ZCG0100C,138.00,147.00
Redlion,plccenter,688116,LD2A05P0,497.00,530.00
Redlion,alliedelec,864487,CUB7TCS1,46.00,57.24
Redlion,plccenter,690325,CUB5VR00,121.00,129.00
Redlion,plccenter,691403,ZDH2000H,390.00,416.00
Redlion,plccenter,691832,ZOH0060A,231.00,246.00
Redlion,plccenter,691876,CUB7CCS0,46.00,49.00
Redlion,plccenter,691932,G310S210,2486.00,2.00
Redlion,plccenter,695052,G310S230,2964.00,3.00
Redlion,plccenter,695581,ZBH01002,262.00,279.00
Redlion,plccenter,709010,CUB5RTB0,131.50,140.00
Redlion,plccenter,728161,IAMS0001,189.50,202.00
Redlion,plccenter,736423,G315C210,3346.00,3.00
Redlion,plccenter,736425,G310C230,2773.00,2.00
Redlion,plccenter,738529,G310R210,2581.00,2.00
Redlion,plccenter,792440,CUB5IB00,131.50,140.00
Redlion,plccenter,864310,ZSD0060A,218.50,233.00
Redlion,plccenter,864311,ZSD0100A,218.50,233.00
Redlion,plccenter,864315,ZSD0500A,218.50,233.00
Redlion,plccenter,864317,ZSD0600A,218.50,233.00
Redlion,plccenter,864318,ZSD1000A,218.50,233.00
Redlion,plccenter,864320,ZSD1200A,218.50,233.00
Redlion,plccenter,864323,ZSD2000A,228.00,243.00
Redlion,plccenter,864325,ZSD2500A,228.00,243.00
Redlion,plccenter,864326,T4820219,297.50,317.00
Redlion,plccenter,864328,ZDH0060H,355.50,379.00
Redlion,plccenter,864333,ZDH0500H,355.50,379.00
Redlion,plccenter,864335,ZDH0600H,355.50,379.00
Redlion,plccenter,864336,ZDH1000H,355.50,379.00
Redlion,plccenter,864338,ZDH1200H,355.50,379.00
Redlion,plccenter,864342,ZDH2500H,390.00,416.00
Redlion,plccenter,864344,ZNH0060H,346.00,369.00
Redlion,plccenter,864345,ZNH0100H,346.00,369.00
Redlion,plccenter,864349,ZNH0500H,346.00,369.00
Redlion,plccenter,864351,ZNH0600H,346.00,369.00
Redlion,plccenter,864352,ZNH1000H,346.00,369.00
Redlion,plccenter,864354,ZNH1200H,346.00,369.00
Redlion,plccenter,864357,ZNH2000H,379.00,404.00
Redlion,plccenter,864359,ZNH2500H,379.00,404.00
Redlion,plccenter,864369,RPGPC000,38.50,41.00
Redlion,plccenter,864371,RPGMK000,27.20,29.00
Redlion,plccenter,864372,RPGMK001,27.20,29.00
Redlion,plccenter,864375,RPGMK002,33.80,36.00
Redlion,plccenter,864376,RPGMK003,33.80,36.00
Redlion,plccenter,864379,RPGMB001,135.00,144.00
Redlion,plccenter,864382,RPGBII01,33.80,36.00
Redlion,plccenter,864383,RPGBIM01,33.80,36.00
Redlion,plccenter,864384,RPGBIM02,33.80,36.00
Redlion,plccenter,864385,RPGBII00,67.50,72.00
Redlion,plccenter,864387,RPGBSI00,27.20,29.00
Redlion,plccenter,864388,RPGBSI01,27.20,29.00
Redlion,plccenter,864389,RPGBSI02,27.20,29.00
Redlion,plccenter,864390,RPGBSI03,27.20,29.00
Redlion,plccenter,864392,RPGBSM00,27.20,29.00
Redlion,plccenter,864393,RPGBSM01,27.20,29.00
Redlion,plccenter,864394,RPGBSM02,27.20,29.00
Redlion,plccenter,864395,RPGBSM03,27.20,29.00
Redlion,plccenter,864480,CUB5TCR0,117.50,125.00
Redlion,plccenter,864481,CUB5IR00,121.00,129.00
Redlion,plccenter,864482,CUB5PR00,121.00,129.00
Redlion,plccenter,864483,CUB5RTR0,121.00,129.00
Redlion,plccenter,864484,CUB5TCB0,127.00,135.00
Redlion,plccenter,864485,CUB5VB00,131.50,140.00
Redlion,plccenter,864486,CUB7TCS0,43.20,46.00
Redlion,plccenter,864487,CUB7TCS1,43.20,46.00
Redlion,plccenter,864488,CUB7TVS0,43.20,46.00
Redlion,plccenter,864489,CUB7CVS0,49.70,53.00
Redlion,plccenter,864490,CUB7P300,61.00,65.00
Redlion,plccenter,864491,CUB7TCG0,62.00,66.00
Redlion,plccenter,864492,CUB7TCG1,62.00,66.00
Redlion,plccenter,864493,CUB7TCR0,62.00,66.00
Redlion,plccenter,864494,CUB7TCR1,62.00,66.00
Redlion,plccenter,864495,CUB7TVG0,62.00,66.00
Redlion,plccenter,864496,CUB7TVR0,62.00,66.00
Redlion,plccenter,864497,CUB7CCG0,65.00,69.00
Redlion,plccenter,864498,CUB7CCR0,65.00,69.00
Redlion,plccenter,864499,CUB7CVG0,68.50,73.00
Redlion,plccenter,864500,CUB7CVR0,68.50,73.00
Redlion,plccenter,864501,CUB7P310,81.50,87.00
Redlion,plccenter,864502,CUB7P320,81.50,87.00
Redlion,plccenter,864507,IAMS0010,174.50,186.00
Redlion,plccenter,864508,IAMS0011,204.50,218.00
Redlion,plccenter,864518,ZBH00122,262.00,279.00
Redlion,plccenter,864521,ZBH01202,262.00,279.00
Redlion,plccenter,864523,ZBH05002,262.00,279.00
Redlion,plccenter,864524,ZBH06002,262.00,279.00
Redlion,plccenter,864525,ZBH01003,266.50,284.00
Redlion,plccenter,864526,ZBH06003,266.50,284.00
Redlion,plccenter,864534,DMOSCB02,9.38,10.00
Redlion,plccenter,864535,DMOSCB01,52.50,56.00
Redlion,plccenter,864539,G315C000,3379.00,3.00
Redlion,plccenter,864553,G306M000,749.50,799.00
Redlion,plccenter,864554,G306K000,772.00,823.00
Redlion,plccenter,864555,G306MS00,796.00,849.00
Redlion,plccenter,864556,G306A000,955.50,1.00
Redlion,plccenter,864557,G308C100,1434.00,1.00
Redlion,plccenter,864558,G308A210,1912.00,2.00
Redlion,plccenter,864559,G310C210,2295.00,2.00
Redlion,plccenter,864560,G308A230,2390.00,2.00
Redlion,plccenter,864561,G310R230,3060.00,3.00
Redlion,plccenter,864562,G315C230,3825.00,4.00
Redlion,plccenter,864572,ZHG06004,415.50,443.00
Redlion,plccenter,864573,ZHG10004,415.50,443.00
Redlion,plccenter,864574,ZHG12004,415.50,443.00
Redlion,plccenter,864575,PGMMOD00,46.00,49.00
Redlion,plccenter,864578,LD2SS6P0,461.50,492.00
Redlion,plccenter,864579,LD4SS6P0,652.00,695.00
Redlion,plccenter,864580,LD4A05P0,686.50,732.00
Redlion,plccenter,864707,ZPJ0060A,299.50,319.00
Redlion,plccenter,864708,ZPJ0100A,299.50,319.00
Redlion,plccenter,864712,ZPJ0500A,299.50,319.00
Redlion,plccenter,864714,ZPJ1000A,299.50,319.00
Redlion,plccenter,864716,ZPJ1200A,299.50,319.00
Redlion,plccenter,864719,ZPJ2000A,307.00,327.00
Redlion,plccenter,864721,ZPJ2500A,307.00,327.00
Redlion,plccenter,864723,ZUK0060H,356.50,380.00
Redlion,plccenter,864724,ZUK0100H,356.50,380.00
Redlion,plccenter,864731,ZUK0500H,356.50,380.00
Redlion,plccenter,864733,ZUK0600H,356.50,380.00
Redlion,plccenter,864734,ZUK1000H,356.50,380.00
Redlion,plccenter,864736,ZUK1200H,356.50,380.00
Redlion,plccenter,864737,ZUK2000H,367.50,392.00
Redlion,plccenter,864739,ZUK2500H,367.50,392.00
Redlion,plccenter,864740,ZUJ1024Z,348.00,371.00
Redlion,plccenter,864741,ZUL1024Z,348.00,371.00
Redlion,plccenter,864742,ZUJ2048Z,355.50,379.00
Redlion,plccenter,864743,ZUL2048Z,355.50,379.00
Redlion,plccenter,864843,CSOUT400,268.50,286.00
Redlion,plccenter,864844,CSMSTRLE,487.50,520.00
Redlion,plccenter,864878,PAXLT000,178.50,190.00
Redlion,plccenter,864879,PAXLCRU0,189.50,202.00
Redlion,plccenter,864880,PAXLA0U0,195.00,208.00
Redlion,alliedelec,864562,G315C230,4079.00,3318.56
Redlion,plccenter,864881,PAXLT0U0,205.50,219.00
Redlion,plccenter,864883,PAXDR000,308.50,329.00
Redlion,plccenter,864884,PAX2A000,311.50,332.00
Redlion,plccenter,864885,PAXDR100,324.50,346.00
Redlion,plccenter,864886,PAXDR010,333.00,355.00
Redlion,plccenter,864887,PAXDR110,345.00,368.00
Redlion,plccenter,864888,PFM1608A,749.50,799.00
Redlion,plccenter,864889,PFM1608B,749.50,799.00
Redlion,plccenter,864890,PFM2412A,1781.00,1.00
Redlion,plccenter,864891,PFM2412B,1781.00,1.00
Redlion,plccenter,864892,PFM3212A,2896.00,3.00
Redlion,plccenter,864893,PFM3212B,2896.00,3.00
Redlion,plccenter,864894,PFM6412A,3862.00,4.00
Redlion,plccenter,864895,PFM6412B,3862.00,4.00
Redlion,plccenter,864914,ZCH0100C,170.00,181.00
Redlion,plccenter,864915,ZCH0200C,170.00,181.00
Redlion,plccenter,864916,ZCH0500C,170.00,181.00
Redlion,plccenter,864917,TMPCBS01,16.90,18.00
Redlion,plccenter,864918,TMPCBS02,16.90,18.00
Redlion,plccenter,864919,TMPCBS03,16.90,18.00
Redlion,plccenter,864920,TMPCBS04,16.90,18.00
Redlion,plccenter,864921,TMPRT001,58.50,62.00
Redlion,plccenter,864922,TMPRT002,82.50,88.00
Redlion,plccenter,864954,ZCG0010C,138.00,147.00
Redlion,plccenter,864955,ZCG0012C,138.00,147.00
Redlion,plccenter,864956,ZCG0120C,138.00,147.00
Redlion,plccenter,864960,ZBG00602,202.00,215.00
Redlion,plccenter,864961,ZBG01002,202.00,215.00
Redlion,plccenter,864965,ZBG06002,202.00,215.00
Redlion,plccenter,864966,ZBG10002,202.00,215.00
Redlion,plccenter,864967,ZBG12002,202.00,215.00
Redlion,plccenter,864968,ZBG01003,202.00,215.00
Redlion,plccenter,864969,ZBG06003,202.00,215.00
Redlion,plccenter,864975,TMPCNM01,2.81,3.00
Redlion,plccenter,864976,TMPCNM03,2.81,3.00
Redlion,plccenter,864977,TMPCNM05,2.81,3.00
Redlion,plccenter,864978,TMPCNM07,2.81,3.00
Redlion,plccenter,864979,TMPCNM02,3.75,4.00
Redlion,plccenter,864980,TMPCNM04,3.75,4.00
Redlion,plccenter,864981,TMPCNM06,3.75,4.00
Redlion,plccenter,864982,TMPCNM08,3.75,4.00
Redlion,plccenter,864983,TMPCNM09,4.69,5.00
Redlion,plccenter,864984,TMPCNS01,4.69,5.00
Redlion,plccenter,864985,TMPCNS03,4.69,5.00
Redlion,plccenter,864986,TMPCNS05,4.69,5.00
Redlion,plccenter,864987,TMPCNS07,4.69,5.00
Redlion,plccenter,864988,TMPCNM10,5.63,6.00
Redlion,plccenter,864989,TMPCNS02,5.63,6.00
Redlion,plccenter,864990,TMPCNS04,5.63,6.00
Redlion,plccenter,864991,TMPCNS06,5.63,6.00
Redlion,plccenter,864992,TMPCNS08,5.63,6.00
Redlion,plccenter,864993,TMPEQD04,29.10,31.00
Redlion,plccenter,864994,TMPKQD03,29.10,31.00
Redlion,plccenter,864995,TMPKQD04,29.10,31.00
Redlion,plccenter,864996,TMPTQD03,29.10,31.00
Redlion,plccenter,864997,TMPEQD03,30.00,32.00
Redlion,plccenter,864998,TMPTQD04,31.00,33.00
Redlion,plccenter,864999,TMPEQD01,31.90,34.00
Redlion,plccenter,865000,TMPEQD02,31.90,34.00
Redlion,plccenter,865001,TMPKQD01,31.90,34.00
Redlion,plccenter,865002,TMPKQD02,31.90,34.00
Redlion,plccenter,865003,TMPKQD05,31.90,34.00
Redlion,plccenter,865004,TMPTQD01,31.90,34.00
Redlion,plccenter,865005,TMPTQD02,31.90,34.00
Redlion,plccenter,865006,TMPJQD01,32.90,35.00
Redlion,plccenter,865007,TMPJQD02,32.90,35.00
Redlion,plccenter,865008,TMPJQD03,37.50,40.00
Redlion,plccenter,865009,TMPJQD04,32.90,35.00
Redlion,plccenter,865010,TMPKCF01,63.00,67.00
Redlion,plccenter,865011,TMPKBT01,38.50,41.00
Redlion,plccenter,865012,TMPTRN01,135.00,144.00
Redlion,plccenter,865013,TMPTRN02,135.00,144.00
Redlion,plccenter,865014,TMPTRN03,135.00,144.00
Redlion,plccenter,865015,TMPTRN04,135.00,144.00
Redlion,plccenter,865016,TMPTRN05,135.00,144.00
Redlion,plccenter,865017,TMPTRN06,135.00,144.00
Redlion,plccenter,865018,TMPTRN07,135.00,144.00
Redlion,plccenter,865019,TMWGT025,18.80,20.00
Redlion,plccenter,865020,TMWGJ025,21.60,23.00
Redlion,plccenter,865021,TMWGK025,22.50,24.00
Redlion,plccenter,865022,TMWGE025,24.40,26.00
Redlion,plccenter,865023,TMWST025,26.30,28.00
Redlion,plccenter,865024,TMWSJ025,28.20,30.00
Redlion,plccenter,865025,TMWSK025,29.10,31.00
Redlion,plccenter,865026,TMWSE025,33.80,36.00
Redlion,plccenter,865027,TMWGT100,53.50,57.00
Redlion,plccenter,865028,TMWGJ100,56.50,60.00
Redlion,plccenter,865029,TMWGK100,59.50,63.00
Redlion,plccenter,865030,TMWGE100,67.50,72.00
Redlion,plccenter,865031,TMWST100,72.50,77.00
Redlion,plccenter,865032,TMWSK100,75.00,80.00
Redlion,plccenter,865033,TMWSJ100,79.00,84.00
Redlion,plccenter,865034,TMWSE100,90.00,96.00
Redlion,plccenter,865038,ZOD0060A,218.50,233.00
Redlion,plccenter,865039,ZOD0100A,218.50,233.00
Redlion,plccenter,865043,ZOD0500A,218.50,233.00
Redlion,plccenter,865045,ZOD0600A,218.50,233.00
Redlion,plccenter,865046,ZOD1000A,218.50,233.00
Redlion,plccenter,865048,ZOD1200A,218.50,233.00
Redlion,plccenter,865051,ZOD2000A,228.00,243.00
Redlion,plccenter,865053,ZOD2500A,228.00,243.00
Redlion,plccenter,865055,ZOH0100A,231.00,246.00
Redlion,plccenter,865059,ZOH0500A,231.00,246.00
Redlion,plccenter,865061,ZOH0600A,231.00,246.00
Redlion,plccenter,865062,ZOH1000A,231.00,246.00
Redlion,plccenter,865064,ZOH1200A,231.00,246.00
Redlion,plccenter,865067,ZOH2000A,231.00,246.00
Redlion,plccenter,865069,ZOH2500A,231.00,246.00
Redlion,plccenter,865070,TMPKTJ01,33.80,36.00
Redlion,plccenter,865071,TMPKTJ02,33.80,36.00
Redlion,plccenter,865072,TMPKTJ03,33.80,36.00
Redlion,plccenter,865073,TMPKTJ04,33.80,36.00
Redlion,plccenter,865074,TMPKTJ05,38.50,41.00
Redlion,plccenter,865075,TMPKTJ06,38.50,41.00
Redlion,plccenter,865078,TMPKUT01,38.50,41.00
Redlion,plccenter,865079,TMPKUT02,38.50,41.00
Redlion,newark,286828,PAXLIA00,144.00,140.00
Redlion,newark,286930,T1641100,266.42,240.09
Redlion,newark,286938,MPAXC000,190.00,171.00
Redlion,newark,286939,MPAXCK00,196.00,176.40
Redlion,newark,286940,MPAXR000,190.00,171.00
Redlion,newark,287085,MPAXD010,262.00,235.80
Redlion,newark,864318,ZSD1000A,233.00,221.00
Redlion,newark,864323,ZSD2000A,243.00,228.00
Redlion,newark,864325,ZSD2500A,243.00,228.00
Redlion,newark,864336,ZDH1000H,379.00,357.00
Redlion,newark,864342,ZDH2500H,416.00,389.00
Redlion,newark,864349,ZNH0500H,369.00,339.00
Redlion,newark,864352,ZNH1000H,369.00,339.00
Redlion,newark,864359,ZNH2500H,404.00,339.00
Redlion,newark,864483,CUB5RTR0,197.21,163.47
Redlion,newark,864714,ZPJ1000A,319.00,292.00
Redlion,newark,864719,ZPJ2000A,327.00,299.00
Redlion,newark,865043,ZOD0500A,233.00,221.00
Redlion,newark,865046,ZOD1000A,233.00,221.00
Redlion,newark,865053,ZOD2500A,243.00,217.00
