Acme,1229489,TA281144,42.56
Acme,886455,WSB5,307.49
Acme,886454,WSB4,280.9
Acme,886453,WSB3,246.82
Acme,886451,WSA8,62.33
Acme,886449,WSA6,117.18
Acme,886448,WSA5,117.18
Acme,886446,WSA4,78.71
Acme,886445,WSA3,78.71
Acme,886443,WSA2,62.33
Acme,886441,WSA1,62.33
Acme,886440,TPNS11533173S,6431.72
Acme,886438,TPNS02533193S,14752.7
Acme,886436,TPNS02533183S,8389.76
Acme,886435,TPNS02533173S,6753.31
Acme,886433,TPNS02533163S,4600.86
Acme,886432,TPNS02533153S,3736.92
Acme,886430,TPNS02533143S,2561.31
Acme,886429,TPNS02533133S,2184.54
Acme,886427,TPNS02533123S,1898.29
Acme,886426,TPNS02533113S,1769.73
Acme,886424,TPNS01792764S,8558.35
Acme,886422,TPNS01792754S,6491.69
Acme,886421,TPNS01792744S,5199.05
Acme,886419,TPNS01792734S,3777.63
Acme,886417,TPNS01792724S,3155.44
Acme,886416,TPNS01792714S,2287.13
Acme,886414,TPNS01533193S,14138.36
Acme,886412,TPNS01533183S,8040.44
Acme,886411,TPNS01533181S,9997.56
Acme,886409,TPNS01533171S,6955.74
Acme,886408,TPNS01533163S,4385.83
Acme,886406,TPNS01533161S,5230.91
Acme,886405,TPNS01533153S,3578.7
Acme,886403,TPNS01533151S,3966.65
Acme,886401,TPNS01533143S,2388.82
Acme,886399,TPNS01533141S,3079.92
Acme,886398,TPNS01533133S,2136.08
Acme,886396,TPNS01533131S,2893.45
Acme,886394,TPNS01533123S,1803.39
Acme,886393,TPNS01533121S,2328.68
Acme,886391,TPNS01533113S,1685.45
Acme,886389,TPNS01533111S,1800.68
Acme,886388,TPNS00533193S,13523.32
Acme,886386,TPNS00533183S,7690.42
Acme,886385,TPNS00533173S,6125.44
Acme,886383,TPNS00533163S,4023.77
Acme,886381,TPNS00533153S,3192.78
Acme,886380,TPNS00533143S,2375.74
Acme,886378,TPNS00533133S,1980.41
Acme,886376,TPNS00533123S,1725.72
Acme,886374,TPNS00533113S,1471.38
Acme,886373,TPNC21533183S,11596.02
Acme,886371,TPNC11533193S,20872.4
Acme,886369,TPNC11533133S,2941.58
Acme,886368,TPNC01533173S,8639.89
Acme,886366,TPNC01533163S,6420.17
Acme,886364,TPNC01533153S,4928.08
Acme,886363,TPNC01533143S,3521.61
Acme,886361,TPNC01533123S,2268.61
Acme,886359,TPNC01533113S,1841.47
Acme,886358,TPC533193S,13065.06
Acme,886357,TPC533183S,9237.56
Acme,886355,TPC533173S,6698.28
Acme,886354,TPC533163S,4977.48
Acme,886352,TPC533153S,3849.02
Acme,886350,TPC533143S,2893.98
Acme,886349,TPC533133S,2271.08
Acme,886347,TPC533123S,1714.35
Acme,886345,TPC530203S,2518.48
Acme,886344,TPC530193S,2151.36
Acme,886342,TPC3533193S,20755.36
Acme,886340,TPC3533191S,21178.96
Acme,886339,TPC3533183S,15692.98
Acme,886337,TPC3533181S,16013.24
Acme,886335,TPC3533173S,11307.58
Acme,886333,TPC3533171S,11538.35
Acme,886331,TPC3533163S,8688.77
Acme,886330,TPC3533161S,8866.1
Acme,886328,TPC3533153S,6669.15
Acme,886326,TPC3533151S,6805.26
Acme,886325,TPC3533143S,5159.17
Acme,886323,TPC3533141S,5264.47
Acme,886321,TPC3533133S,3844.64
Acme,886319,TPC3533131S,3923.09
Acme,886318,TPC3533123S,3070.2
Acme,886316,TPC3533121S,3132.86
Acme,886314,TPC3533113S,2283.08
Acme,886313,TPC3533111S,2329.67
Acme,886311,TP796974S,3255.66
Acme,886309,TP796964S,2525.75
Acme,886308,TP796954S,2014.78
Acme,886306,TP796944S,1576.0
Acme,886305,TP795553S**,5080.7
Acme,886303,TP795243S,4068.01
Acme,886301,TP795233S,3226.25
Acme,886300,TP795223S,2584.31
Acme,886298,TP795213S,2031.26
Acme,886297,TP795203S,1806.78
Acme,886295,TP793744S,6608.92
Acme,886293,TP793734S,5292.14
Acme,886292,TP793724S,4272.01
Acme,886290,TP793714S,3110.84
Acme,886288,TP793704S,2481.04
Acme,886286,TP793694S,1930.87
Acme,886285,TP793684S,1814.89
Acme,886283,TP792744S,2510.34
Acme,886282,TP792734S,1877.55
Acme,886281,TP792724S,1471.84
Acme,886279,TP79088S,4235.06
Acme,886277,TP79087S,4084.91
Acme,886276,TP79085S,3111.0
Acme,886274,TP789994S,5837.19
Acme,886272,TP789974S,4389.44
Acme,886271,TP789964S,3516.53
Acme,886269,TP789934S,2760.49
Acme,886268,TP789904S,2027.75
Acme,886266,TP789884S,1697.52
Acme,886264,TP536513S,3295.42
Acme,886263,TP536503S,2074.41
Acme,886261,TP536491S,1595.55
Acme,886259,TP533674S,5292.14
Acme,886257,TP533664S,4272.02
Acme,886256,TP533654S,3110.84
Acme,886254,TP533644S,2481.04
Acme,886253,TP533634S,1930.87
Acme,886251,TP533624S,1814.88
Acme,886249,TP533191S,12236.59
Acme,886247,TP533188S,6675.44
Acme,886246,TP533183S,6146.99
Acme,886244,TP533181S,7936.81
Acme,886242,TP533178S,6256.52
Acme,886241,TP533171S,6111.0
Acme,886240,TP533168S,4537.18
Acme,886238,TP533163S,3021.52
Acme,886236,TP533161S,3823.14
Acme,886235,TP533158S,3610.32
Acme,886233,TP533153S,2364.05
Acme,886231,TP533151S,3177.82
Acme,886230,TP533148S,3212.53
Acme,886228,TP533143S,1743.19
Acme,886226,TP533141S,2545.29
Acme,886225,TP533138S,2373.8
Acme,886223,TP533133S,1229.26
Acme,886221,TP533131S,2198.41
Acme,886220,TP533128S,1810.64
Acme,886218,TP533123S,1051.83
Acme,886216,TP533121S,1724.41
Acme,886215,TP531203S,2291.14
Acme,886212,TP531193S,1852.44
Acme,886211,TP530243S,5835.57
Acme,886209,TP530233S,4899.84
Acme,886207,TP530223S,2682.58
Acme,886206,TP530213S,1887.65
Acme,886204,TP530203S,1525.36
Acme,886203,TP530193S,1214.2
Acme,886201,TP35003003S,7941.75
Acme,886199,TP35002253S,6675.8
Acme,886198,TP35001503S,4273.78
Acme,886196,TP35001123S,3406.0
Acme,886194,TP35000753S,2663.66
Acme,886193,TP35000303S,1776.38
Acme,886191,TP1533503S,15744.31
Acme,886189,TP1533493S,10711.41
Acme,886187,TP1533483S,6146.99
Acme,886186,TP1533473S,4236.18
Acme,886184,TP1533463S,3021.52
Acme,886183,TP1533453S,2364.05
Acme,886181,TP1533443S,1743.19
Acme,886179,TP1533433S,1229.26
Acme,886178,TP1533423S,1051.83
Acme,886177,TP1533222S,18724.11
Acme,886175,TP1533213S,15744.31
Acme,886173,TP1533193S,10711.41
Acme,886171,TP1533173S,4236.18
Acme,886170,TP135000453S,2003.12
Acme,886168,TP131443S,2576.12
Acme,886167,TP131433S,1880.24
Acme,886165,TP131423S,1576.4
Acme,886163,TP131043S,2281.33
Acme,886162,TP131033S,1621.28
Acme,886160,TP131023S,1325.66
Acme,886158,TLVA60012SC,461.95
Acme,886157,TLVA30012SC,238.91
Acme,886155,TLV75024S,473.99
Acme,886154,TLV75012S,345.06
Acme,886152,TLV50024S,382.34
Acme,886151,TLV50012SC,337.91
Acme,886149,TLV50012S,316.96
Acme,886148,TLV25024S,239.74
Acme,886146,TLV25012SC,303.65
Acme,886144,TLV25012S,263.12
Acme,886142,TLV15024S,198.85
Acme,886140,TLV15012SC,212.81
Acme,886138,TLV15012S,171.91
Acme,886137,TLV150024S,555.68
Acme,886135,TLV10024S,180.13
Acme,886133,TLV10012SC,173.03
Acme,886132,TLV10012S,160.4
Acme,886130,TLV100024S,496.79
Acme,886128,TLV100012S,369.05
Acme,886127,TF2A69221S,3822.84
Acme,886125,TF279304S,986.34
Acme,886123,TF279303S,678.74
Acme,886121,TF279302S,473.76
Acme,886119,TF279301S,385.16
Acme,886117,TF279300S,263.35
Acme,886115,TF279267S,1904.38
Acme,886114,TF279266S,1350.12
Acme,886112,TF279265S,1148.23
Acme,886110,TF279264S,986.34
Acme,886108,TF279263S,678.74
Acme,886107,TF279262S,473.76
Acme,886105,TF279261S,385.16
Acme,886104,TF279260S,263.35
Acme,886102,TF269220S,3067.51
Acme,886101,TF269219S,2395.36
Acme,886100,TF269218S,2107.87
Acme,886098,TF252797S,1778.72
Acme,886097,TF252796S,1235.8
Acme,886095,TF252795S,899.48
Acme,886093,TF252794S,857.68
Acme,886091,TF252520S,590.22
Acme,886089,TF249873S,419.88
Acme,886088,TF220505S**,2269.78
Acme,886086,TF220255S**,1747.47
Acme,886085,TF220155S**,1582.59
Acme,886083,TF220105S,1533.31
Acme,886081,TF2201005S**,4893.31
Acme,886080,TF217439S,334.91
Acme,886078,TF217437S,221.9
Acme,886076,TE3533453S,7139.3
Acme,886075,TE3533423S,3396.34
Acme,886073,TE3533153S,7139.28
Acme,886072,TE2A530213S,4056.5
Acme,886070,TE2533443S,6721.65
Acme,886068,TE2533433S,4396.11
Acme,886066,TE2533143S,6721.65
Acme,886065,TE2533133S,4396.11
Acme,886063,TE2533123S,3396.34
Acme,886062,TE2530203S,3494.51
Acme,886060,TE2530193S,3055.84
Acme,886058,TE1530223S,7764.77
Acme,886057,TDST3000A,1627.74
Acme,886055,TDST2000A,1530.08
Acme,886054,TDST1500A,1505.72
Acme,886052,TDST1000A,1445.04
Acme,886050,TDOM3000XMB,1226.35
Acme,886049,TDOM3000XMA,1226.35
Acme,886047,TDOM2000XMB,1014.27
Acme,886046,TDOM2000XMA,992.5
Acme,886044,TDOM1500XMB,922.41
Acme,886042,TDOM1500XMA,922.41
Acme,886040,TDMD1000XMB,946.15
Acme,886038,TDMD1000XMA,912.02
Acme,886037,TDMD0750XMB,820.26
Acme,886035,TDMD0750XMA,820.26
Acme,886033,TDMD0500XMB,780.0
Acme,886032,TDMD0500XMA,780.0
Acme,886030,TDMD0250XMB,740.79
Acme,886029,TDMD0250XMA,740.79
Acme,886027,TDLT3000XM,1193.51
Acme,886025,TDLT2000XM,989.51
Acme,886024,TDLT1500XM,822.01
Acme,886022,TDLT1000XM,761.22
Acme,886021,TDLT0750XM,712.93
Acme,886019,TDLT0500XM,677.35
Acme,886018,TDLT0250XM,658.23
Acme,886016,TDGP3000XM,1325.92
Acme,886015,TDGP2000XM,1157.71
Acme,886013,TDGP1500XM,1123.66
Acme,886011,TDGP1000XM,1054.51
Acme,886010,TDGP0750XM,951.32
Acme,886008,TDGP0500XM,934.8
Acme,886006,TDGP0250XM,929.65
Acme,886005,TDAP3000XM,1297.56
Acme,886003,TDAP2000XM,1215.55
Acme,886002,TDAP1500XM,1072.59
Acme,886000,TDAP1000XM,1015.91
Acme,885998,TDAP0750XM,962.74
Acme,885997,TDAP0500XM,865.34
Acme,885995,TC535183S,1208.54
Acme,885994,TC535173S,898.39
Acme,885992,TC535163S,721.9
Acme,885991,TC535153S,636.2
Acme,885989,TC533111S,1370.66
Acme,885987,TB83220,157.6
Acme,885986,TB83219F3,155.33
Acme,885984,TB83219,133.32
Acme,885983,TB83218,97.28
Acme,885981,TB83215,61.24
Acme,885980,TB83213,47.29
Acme,885978,TB83212,36.55
Acme,885977,TB83210,28.78
Acme,885975,TB81329,312.41
Acme,885974,TB81328,189.71
Acme,885972,TB81327,143.85
Acme,885971,TB81326F3,145.05
Acme,885969,TB81326,123.04
Acme,885967,TB81325F3,132.54
Acme,885966,TB81325,110.51
Acme,885964,TB81324,65.74
Acme,885963,TB81323F3,78.45
Acme,885961,TB81323,56.44
Acme,885959,TB81322,54.15
Acme,885958,TB81321F4,68.95
Acme,885956,TB81321,46.94
Acme,885954,TB81309,189.82
Acme,885953,TB81308,164.74
Acme,885951,TB81307F3,139.71
Acme,885950,TB81307,117.69
Acme,885948,TB81306F3,118.09
Acme,885947,TB81306,96.06
Acme,885945,TB81305F3,102.24
Acme,885944,TB81305,80.23
Acme,885942,TB81304F3,80.31
Acme,885940,TB81304,58.28
Acme,885939,TB81303F3,69.69
Acme,885937,TB81303,47.68
Acme,885936,TB81302,43.24
Acme,885935,TB81301F4,60.35
Acme,885933,TB81301,38.32
Acme,885932,TB81217F3,178.5
Acme,885930,TB81217,156.49
Acme,885928,TB81216F3,139.58
Acme,885927,TB81216F2,136.83
Acme,885925,TB81216,117.56
Acme,885924,TB81215F3,112.12
Acme,885922,TB81215F2,109.37
Acme,885920,TB81215,90.1
Acme,885919,TB81214F3,95.46
Acme,885917,TB81214,73.44
Acme,885915,TB81213F3,78.32
Acme,885914,TB81213F2,75.58
Acme,885912,TB81213,56.31
Acme,885910,TB81212F3,67.04
Acme,885909,TB81212F2,64.28
Acme,885907,TB81212,45.01
Acme,885905,TB81211F3,58.72
Acme,885904,TB81211F2,55.96
Acme,885902,TB81211,36.71
Acme,885901,TB81210F4,51.32
Acme,885899,TB81210,29.31
Acme,885898,TB81201F4,54.72
Acme,885896,TB81201,32.71
Acme,885895,TB81200F3,89.53
Acme,885893,TB81200F2,86.78
Acme,885891,TB81200,67.51
Acme,885890,TB81151,169.76
Acme,885888,TB81150,156.87
Acme,885886,TB81149F3,132.9
Acme,885885,TB81149,110.88
Acme,885883,TB81148,88.49
Acme,885881,TB81146F3,97.63
Acme,885880,TB81146,75.62
Acme,885878,TB81144F3,71.09
Acme,885876,TB81144,49.08
Acme,885874,TB81143F3,65.97
Acme,885873,TB81143,43.95
Acme,885871,TB81142F4,62.27
Acme,885869,TB81142F2,59.51
Acme,885867,TB81142,40.26
Acme,885866,TB81141F4,56.97
Acme,885864,TB81141,34.95
Acme,885862,TB81020,104.97
Acme,885860,TB81009,50.28
Acme,885859,TB81007,212.68
Acme,885857,TB81006,168.96
Acme,885855,TB81005F3,153.29
Acme,885853,TB81005,131.28
Acme,885852,TB81004,110.1
Acme,885850,TB81003F3,109.65
Acme,885849,TB81003,99.77
Acme,885847,TB81002F3,95.26
Acme,885845,TB81002,73.24
Acme,885844,TB81001F3,76.6
Acme,885842,TB81001,54.59
Acme,885840,TB81000F4,68.79
Acme,885839,TB81000,46.78
Acme,885837,TB69307,190.69
Acme,885835,TB69306F3,185.01
Acme,885833,TB69306,163.0
Acme,885832,TB69305F3,142.24
Acme,885830,TB69305,120.23
Acme,885828,TB69304,94.54
Acme,885827,TB69303F3,107.96
Acme,885825,TB69303,85.95
Acme,885824,TB69302F3,96.32
Acme,885822,TB69302,74.31
Acme,885821,TB69301F3,77.15
Acme,885819,TB69301,55.13
Acme,885817,TB69300F4,64.44
Acme,885816,TB69300,42.42
Acme,885814,TB54524,256.12
Acme,885813,TB54523,239.4
Acme,885811,TB32669,116.94
Acme,885809,TB32406,215.24
Acme,885808,TB32405,135.74
Acme,885806,TB32404,108.13
Acme,885804,TB32403,97.29
Acme,885803,TB181151,169.76
Acme,885801,TB181150,156.87
Acme,885799,TB181149,110.87
Acme,885798,TB181148,88.5
Acme,885796,TB181146,75.62
Acme,885794,TB181144,49.08
Acme,885792,TB181143,43.95
Acme,885790,TB181142,40.26
Acme,885788,TB181141,34.96
Acme,885787,TA83316,182.46
Acme,885785,TA83315,165.55
Acme,885784,TA83314,120.71
Acme,885782,TA83313,62.12
Acme,885780,TA83312,59.4
Acme,885779,TA83311,47.12
Acme,885777,TA83310,38.96
Acme,885775,TA83306,287.42
Acme,885774,TA83305,241.69
Acme,885772,TA83304,138.96
Acme,885771,TA83303,93.36
Acme,885769,TA83302,67.05
Acme,885767,TA83301,52.64
Acme,885765,TA83300,41.24
Acme,885764,TA83224,622.41
Acme,885762,TA83223F3,376.79
Acme,885761,TA83223,355.85
Acme,885759,TA83222F3,279.55
Acme,885757,TA83222,257.53
Acme,885756,TA83221,210.81
Acme,885754,TA281241,264.42
Acme,885752,TA281240,218.01
Acme,885751,TA281221,641.84
Acme,885749,TA281220F3,400.37
Acme,885748,TA281220,379.43
Acme,885746,TA281219F3,283.64
Acme,885744,TA281219,261.63
Acme,885743,TA281218F3,235.83
Acme,885741,TA281218,213.82
Acme,885740,TA281205,1241.44
Acme,885738,TA281203,758.48
Acme,885736,TA281202,497.3
Acme,885735,TA281197,143.69
Acme,885733,TA281008,289.83
Acme,885731,TA254539,148.09
Acme,885730,TA254538,102.77
Acme,885728,TA254537,64.12
Acme,885727,TA254536,71.81
Acme,885725,TA254535,65.59
Acme,885724,TA254525,442.41
Acme,885722,TA253931,723.3
Acme,885720,TA253930,621.11
Acme,885719,TA253929,312.94
Acme,885717,T79203SR,139.64
Acme,885715,T79203SL,139.64
Acme,885714,T79105SR,249.18
Acme,885712,T79105SL,249.18
Acme,885711,T79101SR,129.04
Acme,885709,T79101SL,129.04
Acme,885707,T75024S,268.15
Acme,885706,T75012S,257.42
Acme,885704,T50012S,221.38
Acme,885702,T3797114S,1398.31
Acme,885700,T3796931S,1194.12
Acme,885697,T3795573S**,8716.23
Acme,885695,T3795511S,1312.15
Acme,885692,T3795191S,1434.58
Acme,885690,T3793671S,1293.34
Acme,885688,T3793363S,6582.27
Acme,885687,T3793353S,3444.56
Acme,885685,T3793343S,2667.84
Acme,885683,T3793331S,1266.35
Acme,885682,T379314SS,5848.09
Acme,885679,T3793143S,4166.27
Acme,885677,T379313SS,3455.14
Acme,885675,T3793133S,2980.89
Acme,885674,T379312SS,2810.39
Acme,885673,T3793123S,2256.14
Acme,885671,T3792711S,1423.52
Acme,885669,T379083S,1443.64
Acme,885667,T353548S,1166.67
Acme,885665,T353547S,931.35
Acme,885663,T353546S,807.63
Acme,885661,T353545S,696.35
Acme,885660,T3533611S,1293.34
Acme,885657,T3533411S,1029.49
Acme,885656,T353311SS,1760.6
Acme,885654,T3533111S,1029.49
Acme,885652,T353044S,496.76
Acme,885651,T353043S,354.13
Acme,885649,T353042S,295.15
Acme,885647,T353041S,223.04
Acme,885646,T353040S,194.17
Acme,885644,T3527101,1032.78
Acme,885643,T335000153S,1426.85
Acme,885641,T2A797104S,1295.21
Acme,885640,T2A797094S,967.71
Acme,885638,T2A797084S,726.15
Acme,885637,T2A795543S**,2983.15
Acme,885635,T2A795533S**,2244.46
Acme,885633,T2A795523S**,1782.34
Acme,885632,T2A795181S,1095.55
Acme,885630,T2A795171S,788.49
Acme,885629,T2A795161S,649.54
Acme,885627,T2A793321S,945.59
Acme,885626,T2A793311S,716.71
Acme,885624,T2A793301S,561.27
Acme,885622,T2A792701S,1212.53
Acme,885621,T2A792691S,967.72
Acme,885619,T2A792681S,740.96
Acme,885617,T2A533601S,1190.98
Acme,885616,T2A533401S,778.72
Acme,885614,T2A533291S,635.78
Acme,885612,T2A533281S,511.89
Acme,885610,T2A53310SS,1550.78
Acme,885609,T2A533101S,778.72
Acme,885607,T2A53309SS,1022.1
Acme,885606,T2A533091S,635.78
Acme,885605,T2A53308SS,683.49
Acme,885603,T2A533081S,511.89
Acme,885601,T2A527191,3781.73
Acme,885599,T2A527181,3429.01
Acme,885597,T2A527171,2976.76
Acme,885596,T2A527151,2358.11
Acme,885594,T2A527131,1488.76
Acme,885592,T2A527121,1456.87
Acme,885591,T279748S,1322.42
Acme,885589,T279747S,1106.43
Acme,885587,T279746S,790.3
Acme,885586,T279745S,662.68
Acme,885585,T279744S,486.63
Acme,885583,T279743S,339.56
Acme,885581,T279742S,287.82
Acme,885580,T279741S,215.73
Acme,885578,T279740S,157.12
Acme,885577,T2795563S**,5892.09
Acme,885575,T2536781S,1322.42
Acme,885574,T2536771S,1106.43
Acme,885572,T2536761S,790.3
Acme,885571,T2536751S,662.68
Acme,885569,T2536481S,1322.42
Acme,885568,T2536471S,1106.43
Acme,885566,T2536461S,790.29
Acme,885564,T2536451S,662.68
Acme,885563,T2536181S,1233.24
Acme,885561,T2536171S,1097.38
Acme,885559,T2536161S,804.15
Acme,885558,T2536151S,681.16
Acme,885556,T253518SS,2012.84
Acme,885553,T2535183S,1004.63
Acme,885551,T253517SS,1574.26
Acme,885548,T2535173S,814.32
Acme,885545,T253516SS,1317.29
Acme,885542,T2535163S,616.02
Acme,885539,T253515SS,1053.65
Acme,885537,T2535153S,530.22
Acme,885535,T2531741S,486.63
Acme,885532,T2531731S,339.56
Acme,885529,T2531721S,287.82
Acme,885526,T2531711S,215.73
Acme,885525,T2531701S,157.12
Acme,885523,T2531441S,486.63
Acme,885521,T2531431S,339.56
Acme,885519,T2531421S,287.82
Acme,885516,T2531411S,215.73
Acme,885515,T2531401S,157.12
Acme,885513,T2531141S,499.45
Acme,885511,T2531131S,340.05
Acme,885509,T253112S,279.82
Acme,885508,T253111S,223.28
Acme,885507,T253110S,185.37
Acme,885505,T253109S,124.22
Acme,885503,T253108S,119.68
Acme,885502,T253107S,114.95
Acme,885500,T253067,1646.13
Acme,885498,T253066,1554.68
Acme,885497,T253065,918.72
Acme,885495,T253064,492.32
Acme,885493,T253063,312.33
Acme,885491,T253062,242.09
Acme,885490,T253061,221.72
Acme,885488,T253060,151.92
Acme,885487,T253014SS,970.96
Acme,885485,T253014S,379.04
Acme,885484,T2530144S,379.04
Acme,885482,T253013SS,657.72
Acme,885480,T253013S,274.27
Acme,885478,T2530134S,274.27
Acme,885477,T253012SS,597.11
Acme,885475,T253012S,217.35
Acme,885474,T253011SS,444.84
Acme,885472,T253011S,170.77
Acme,885470,T253010SS,365.39
Acme,885468,T253010S,144.15
Acme,885467,T253009SS,328.78
Acme,885465,T253009S,119.01
Acme,885464,T253008SS,214.82
Acme,885462,T253008S,95.37
Acme,885461,T253007SS,145.99
Acme,885459,T253007S,82.06
Acme,885457,T2527071,789.04
Acme,885456,T2527051,647.21
Acme,885455,T2527031,514.1
Acme,885453,T25024S,181.49
Acme,885451,T25012S,168.67
Acme,885449,T243571,1085.34
Acme,885411,T243570,880.54
Acme,885409,T213079,1038.62
Acme,885408,T213078,854.79
Acme,885406,T211689,977.6
Acme,885404,T211688,761.11
Acme,885403,T181223,1191.46
Acme,885401,T181221,694.85
Acme,885400,T181220,606.93
Acme,885398,T181219,340.94
Acme,885397,T181217,249.69
Acme,885396,T181066,168.38
Acme,885394,T181065,130.65
Acme,885392,T181064,103.72
Acme,885391,T181063,91.49
Acme,885390,T181062,79.13
Acme,885388,T181061,63.5
Acme,885386,T181059,151.01
Acme,885385,T181058,118.91
Acme,885383,T181057,93.71
Acme,885381,T181056,82.87
Acme,885379,T181055,74.42
Acme,885378,T181054,59.81
Acme,885376,T181052,143.62
Acme,885375,T181051,101.12
Acme,885373,T181050,80.92
Acme,885371,T181049,70.73
Acme,885370,T181048,66.21
Acme,885368,T181047,56.85
Acme,885365,T179631S,206.47
Acme,885363,T179630S,163.59
Acme,885361,T179629S,153.99
Acme,885359,T179625S,206.47
Acme,885357,T179624S,163.59
Acme,885356,T179623S,153.99
Acme,885354,T179622S,206.47
Acme,885352,T179621S,163.59
Acme,885351,T179620S,153.99
Acme,885349,T179619S,299.88
Acme,885347,T179618S,266.13
Acme,885345,T179615S,133.05
Acme,885344,T179609S,299.88
Acme,885342,T179608S,266.13
Acme,885341,T179605S,133.05
Acme,885339,T179604S,299.88
Acme,885337,T179603S,266.13
Acme,885335,T179600S,133.05
Acme,885334,T179203SR,126.94
Acme,885332,T179203SL,126.94
Acme,885331,T179105SR,228.55
Acme,885329,T179105SL,228.55
Acme,885328,T179101SR,117.28
Acme,885326,T179101SL,117.28
Acme,885324,T169439,11112.63
Acme,885323,T169438,8808.65
Acme,885322,T169437,4037.36
Acme,885321,T169436,2612.34
Acme,885319,T169435,1970.64
Acme,885317,T169434,1177.48
Acme,885315,T169433,1054.79
Acme,885314,T169432,1004.55
Acme,885312,T169431,958.8
Acme,885311,T169430,904.94
Acme,885309,T160835,581.54
Acme,885308,T160834,249.06
Acme,885306,T160833,233.68
Acme,885305,T160832,204.85
Acme,885303,T160831,196.18
Acme,885301,T160830,176.22
Acme,885300,T160802,276.38
Acme,885298,T160801,266.62
Acme,885296,T153931,948.61
Acme,885295,T153930,745.34
Acme,885292,T153929,470.34
Acme,885291,T153106,95.54
Acme,885289,T153105,92.4
Acme,885287,T153104,82.04
Acme,885286,T153006,71.71
Acme,885285,T153005,56.38
Acme,885283,T153004,43.83
Acme,885281,T15012S,162.64
Acme,885280,T150024S,336.56
Acme,885278,T137924,693.12
Acme,885276,T137923,421.06
Acme,885274,T137922,307.32
Acme,885272,T137921,217.65
Acme,885271,T137920,197.5
Acme,885270,T113077,653.99
Acme,885268,T113076,394.07
Acme,885267,T113075,313.64
Acme,885265,T113074,210.18
Acme,885264,T113073,183.69
Acme,885262,T111687,628.35
Acme,885260,T111686,381.39
Acme,885259,T111685,264.17
Acme,885257,T111684,202.38
Acme,885255,T111683,168.42
Acme,885254,T10024S,143.22
Acme,885252,T10012S,141.09
Acme,885250,T100024S,282.41
Acme,885248,T100012S,271.12
Acme,885247,SPWS53OV,74.95
Acme,885245,SPWS2472,175.41
Acme,885243,SPWS2448,143.55
Acme,885241,SPWS2436,100.35
Acme,885239,SPWS2424,83.49
Acme,885237,SPWS2412,74.95
Acme,885236,SPWS1217,74.95
Acme,885234,SPS602428,153.96
Acme,885232,SPS6012,149.36
Acme,885230,SPS302428,73.23
Acme,885229,SPS3012,78.23
Acme,885227,SPS152428,68.13
Acme,885225,SPS1202428,212.9
Acme,885223,SPS12012,196.96
Acme,885222,SA7701321,57.85
Acme,885220,SA6701319,99.72
Acme,885218,SA4701321,60.65
Acme,885216,SA4701320,112.87
Acme,885215,SA4701319,125.71
Acme,885213,SA3701321,76.94
Acme,885211,SA3701320,92.94
Acme,885210,SA3701319,92.94
Acme,885209,SA2701321,44.49
Acme,885208,SA2701320,58.42
Acme,885206,SA2701319,77.24
Acme,885205,SA1701321,30.77
Acme,885204,SA1701320,36.92
Acme,885202,SA1701319,41.65
Acme,885200,PTBA3150030SS,5934.43
Acme,885199,PTBA3150030LS,4945.36
Acme,885197,PTBA3150022SS,5985.18
Acme,885195,PTBA3150022LS,4987.65
Acme,885193,PTBA3150015SS,4724.06
Acme,885191,PTBA3150015LS,3936.7
Acme,885190,PTBA3150009SS,3371.92
Acme,885188,PTBA3150009LS,2809.93
Acme,885186,PT061150025SS,2525.2
Acme,885185,PT061150025LS,1922.15
Acme,885183,PT061150015SS,2050.54
Acme,885182,PT061150015LS,1407.66
Acme,885180,PT061150010SS,1948.55
Acme,885178,PT061150010LS,1314.81
Acme,885176,PT061150007SS,1591.47
Acme,885175,PT061150007LS,1209.2
Acme,885174,PT061150005SS,1534.44
Acme,885172,PT061150005LS,1136.83
Acme,885170,PLC85004,2122.55
Acme,885168,PLC85003,1849.67
Acme,885166,PLC85002,1758.47
Acme,885164,PLC85001,1421.89
Acme,885163,PLC85000,1314.08
Acme,885161,PL79931,2.13
Acme,885160,PL79930,2.13
Acme,885158,PL79929,1.13
Acme,885157,PL79928,1.13
Acme,885155,PL79927,7.15
Acme,885153,PL79926,1.36
Acme,885151,PL79925,1.09
Acme,885150,PL79924,2.01
Acme,885148,PL79923,19.95
Acme,885146,PL79922,16.82
Acme,885144,PL79921,16.94
Acme,885143,PL79920,13.24
Acme,885141,PL79912,103.99
Acme,885139,PL79911,74.56
Acme,885138,PL79908,19.28
Acme,885135,PL79907,15.41
Acme,885134,PL79906,19.28
Acme,885132,PL79905,15.41
Acme,885131,PL79900,87.26
Acme,885130,PL112707,23.69
Acme,885128,PL112706,23.68
Acme,885126,PL112705,23.68
Acme,885124,PL112704,23.68
Acme,885123,PL112703,23.68
Acme,885121,PL112702,21.68
Acme,885120,PL112701,21.68
Acme,885119,PL112700,21.68
Acme,885117,PL112603,11.65
Acme,885116,PL112602,5.19
Acme,885114,PL112601,5.21
Acme,885112,PL112600,5.19
Acme,885111,Jul-04,348.61
Acme,885109,Jul-03,265.1
Acme,885107,Jul-02,62.33
Acme,885106,Jul-01,34.08
Acme,885104,LN3533473S,6071.36
Acme,885103,LN3533463S,4376.85
Acme,885102,LN3533453S,3367.49
Acme,885100,LN3533443S,2611.42
Acme,885098,LN3533433S,1989.59
Acme,885097,LN3533423S,1721.22
Acme,885095,LN3533173S,6071.36
Acme,885094,LN3533163S,4376.85
Acme,885092,LN3533153S,3367.49
Acme,885090,LN3533143S,2611.42
Acme,885088,LN3533133S,1989.59
Acme,885086,LN3533123S,1721.22
Acme,885085,GP12500S,220.22
Acme,885083,GP125000S,894.93
Acme,885082,GP123000S,449.39
Acme,885080,GP12250S,162.21
Acme,885078,GP1215000S,1593.32
Acme,885077,GP121000S,300.53
Acme,885075,GP1210000S,1300.75
Acme,885073,FS3750,281.46
Acme,885071,FS3500,233.64
Acme,885070,FS350,138.64
Acme,885068,FS3350,197.28
Acme,885066,FS33000,784.27
Acme,885065,FS3250,170.91
Acme,885063,FS32000,548.49
Acme,885061,FS31500,476.1
Acme,885060,FS3150,145.15
Acme,885058,FS31000,361.37
Acme,885056,FS23000,370.61
Acme,885055,FS22000,268.14
Acme,885053,FS21500,219.68
Acme,885051,FS21000,167.53
Acme,885050,FS11000,181.03
Acme,885048,DTHB72S,957.54
Acme,885047,DTHB0934S,2741.47
Acme,885046,DTHB0754S,2224.4
Acme,885044,DTHB0634S,2102.16
Acme,885043,DTHB05504S,11479.06
Acme,885041,DTHB0514S,1996.44
Acme,885039,DTHB04404S,10008.1
Acme,885037,DTHB0404S,1723.11
Acme,885035,DTHB0344S,1607.47
Acme,885034,DTHB03304S,6916.64
Acme,885032,DTHB0274S,1570.58
Acme,885030,DTHB02204S,4535.26
Acme,885029,DTHB0202S,1268.69
Acme,885027,DTHB01754S,4298.6
Acme,885026,DTHB01454S,3446.35
Acme,885024,DTHB0142S,1077.57
Acme,885023,DTHB01184S,2923.21
Acme,885021,DTHB0112S,1046.26
Acme,885019,DTHB006604S,12785.9
Acme,885018,DTHB002754S,6302.32
Acme,885017,DTHA72S,957.54
Acme,885015,DTHA6604S,12785.9
Acme,885013,DTHA5504S,11479.06
Acme,885011,DTHA4404S,10008.1
Acme,885010,DTHA0934S,2741.47
Acme,885008,DTHA0754S,2224.4
Acme,885006,DTHA0634S,2102.16
Acme,885005,DTHA0514S,1996.44
Acme,885003,DTHA0404S,1723.11
Acme,885001,DTHA0344S,1607.47
Acme,884999,DTHA03304S,6916.64
Acme,884997,DTHA0274S,1570.58
Acme,884996,DTHA02204S,4535.26
Acme,884994,DTHA0202S,1268.69
Acme,884992,DTHA01754S,4298.6
Acme,884991,DTHA01454S,3446.35
Acme,884990,DTHA0142S,1077.57
Acme,884988,DTHA01184S,2923.21
Acme,884986,DTHA0112S,1046.26
Acme,884985,DTHA002754S,6302.32
Acme,884983,DTGB9902S,16938.4
Acme,884981,DTGB72S,957.54
Acme,884980,DTGB0934S,2741.47
Acme,884978,DTGB07704S,13844.11
Acme,884977,DTGB0754S,2224.4
Acme,884975,DTGB06604S,12785.9
Acme,884973,DTGB0634S,2102.16
Acme,884972,DTGB05504S,11479.06
Acme,884970,DTGB0514S,1996.44
Acme,884969,DTGB04404S,10008.1
Acme,884967,DTGB0404S,1723.11
Acme,884966,DTGB0344S,1607.47
Acme,884964,DTGB03304S,6916.64
Acme,884962,DTGB0274S,1570.58
Acme,884960,DTGB02204S,4535.26
Acme,884958,DTGB0202S,1268.69
Acme,884956,DTGB01754S,4298.6
Acme,884955,DTGB01454S,3446.35
Acme,884953,DTGB0142S,1077.57
Acme,884951,DTGB01184S,2923.21
Acme,884950,DTGB0112S,1046.26
Acme,884948,DTGB008804S,14745.54
Acme,884946,DTGB002754S,6302.32
Acme,884944,DTGA72S,957.54
Acme,884943,DTGA6604S,12785.9
Acme,884941,DTGA5504S,11479.06
Acme,884939,DTGA4404S,10008.1
Acme,884937,DTGA0934S,2741.47
Acme,884936,DTGA0754S,2224.4
Acme,884934,DTGA0634S,2102.16
Acme,884933,DTGA0514S,1996.44
Acme,884931,DTGA0404S,1723.11
Acme,884929,DTGA0344S,1607.47
Acme,884927,DTGA03304S,6916.64
Acme,884925,DTGA0274S,1570.58
Acme,884924,DTGA02204S,4535.26
Acme,884922,DTGA0202S,1268.69
Acme,884921,DTGA01754S,4298.6
Acme,884919,DTGA01454S,3446.35
Acme,884917,DTGA0142S,1077.57
Acme,884916,DTGA01184S,2923.21
Acme,884914,DTGA0112S,1046.26
Acme,884912,DTGA002754S,6302.32
Acme,884911,DTFA72S,957.54
Acme,884909,DTFA0934S,2741.47
Acme,884907,DTFA0754S,2224.4
Acme,884905,DTFA0634S,2102.16
Acme,884903,DTFA0514S,1996.44
Acme,884901,DTFA0404S,1723.11
Acme,884899,DTFA0344S,1607.47
Acme,884898,DTFA0274S,1570.58
Acme,884896,DTFA02204S,4535.26
Acme,884894,DTFA0202S,1268.69
Acme,884893,DTFA01754S,4298.6
Acme,884891,DTFA01454S,3446.35
Acme,884889,DTFA0142S,1077.57
Acme,884887,DTFA01184S,2923.21
Acme,884886,DTFA0112S,1046.26
Acme,884884,DRR15GFI,71.46
Acme,884882,DRR15,33.06
Acme,884881,DMP1504,83.24
Acme,884879,DMP14801,93.85
Acme,884878,DMP12402,63.64
Acme,884876,DMP1240125,53.86
Acme,884875,DMP124006,38.73
Acme,884873,DMP11502,96.96
Acme,884871,DMP11204,63.64
Acme,884869,DMP112025,86.97
Acme,884868,DMP1120125,38.74
Acme,884866,DM14810,365.05
Acme,884864,DM14805S,220.78
Acme,884863,DM148025S,162.76
Acme,884861,DM148017S,115.82
Acme,884859,DM1480125,110.73
Acme,884858,DM13613,365.05
Acme,884856,DM12440,648.29
Acme,884854,DM12420,365.05
Acme,884853,DM12410S,220.78
Acme,884851,DM12405S,162.76
Acme,884850,DM124033S,115.82
Acme,884848,DM124025,110.73
Acme,884846,DM11215S,220.78
Acme,884845,DM11208S,162.76
Acme,884843,DM11206S,115.82
Acme,884841,DM112045,110.73
Acme,884839,CMT533174S,10907.7
Acme,884838,CMT533164S,8105.57
Acme,884836,CMT533154S,5824.08
Acme,884834,CMT533144S,4496.43
Acme,884833,CMT533134S,4020.86
Acme,884831,CMT533124S,3418.62
Acme,884829,CE060750F3,160.13
Acme,884828,CE060750,138.12
Acme,884826,CE060500F3,123.86
Acme,884825,CE060500,101.85
Acme,884824,CE060350F3,107.9
Acme,884822,CE060350,85.87
Acme,884820,CE060300,77.13
Acme,884819,CE060250F3,94.82
Acme,884817,CE060250,72.81
Acme,884815,CE060150F3,74.03
Acme,884814,CE060150,52.01
Acme,884813,CE060100,42.76
Acme,884811,CE060075,39.03
Acme,884809,CE060050F2,54.13
Acme,884808,CE060050,34.87
Acme,884806,CE050750F3,282.91
Acme,884805,CE050750F2,280.17
Acme,884803,CE050750,260.88
Acme,884802,CE050500F3,238.31
Acme,884800,CE050500,216.28
Acme,884798,CE050350F3,196.56
Acme,884797,CE050350,174.55
Acme,884795,CE050250F3,179.5
Acme,884793,CE050250,157.49
Acme,884791,CE050150,108.41
Acme,884790,CE050050,91.26
Acme,884788,CE040750F3,187.85
Acme,884786,CE040750,165.83
Acme,884785,CE040500F3,152.83
Acme,884783,CE040500,130.81
Acme,884782,CE040350F3,120.29
Acme,884780,CE040350,98.28
Acme,884778,CE040250,92.73
Acme,884777,CE040150,65.17
Acme,884775,CE040100,51.04
Acme,884773,CE040050,39.88
Acme,884772,CE030750,159.22
Acme,884770,CE030500,123.87
Acme,884768,CE030350,98.79
Acme,884767,CE030250,85.06
Acme,884765,CE030150,59.73
Acme,884764,CE030100,49.33
Acme,884762,CE030075,43.71
Acme,884760,CE030050,38.38
Acme,884759,CE020750,162.67
Acme,884757,CE020500,123.4
Acme,884756,CE020350F3,116.9
Acme,884754,CE020350,94.88
Acme,884753,CE020250F3,101.03
Acme,884751,CE020250F2,98.28
Acme,884750,CE020250,79.01
Acme,884748,CE020150F3,83.63
Acme,884746,CE020150F2,80.87
Acme,884745,CE020150,61.62
Acme,884743,CE020100,43.73
Acme,884741,CE020050,29.65
Acme,884740,CE010750,140.46
Acme,884738,CE010500F3,138.58
Acme,884737,CE010500,116.56
Acme,884735,CE010350,90.18
Acme,884733,CE010250,77.5
Acme,884732,CE010150,56.9
Acme,884730,CE010100,41.47
Acme,884729,CE010075,38.23
Acme,884727,CE010050,35.21
Acme,884726,AS30331,1102.88
Acme,884724,AS30330,805.87
Acme,884723,AS30329,769.59
Acme,884721,AS30328,724.21
Acme,884719,AS30327,661.46
Acme,884717,ALRC600CBC,2091.73
Acme,884716,ALRC480CBC,2007.47
Acme,884714,ALRC420CBC,1515.48
Acme,884713,ALRC360CBC,1328.69
Acme,884711,ALRC300CBC,1242.04
Acme,884710,ALRC250CBC,885.39
Acme,884708,ALRC200CBC,619.37
Acme,884706,ALRC160LWE,675.93
Acme,884705,ALRC160CBC,606.5
Acme,884703,ALRC130LWE,569.88
Acme,884702,ALRC130CBC,557.71
Acme,884700,ALRC110LWE,543.89
Acme,884698,ALRC110CBC,533.67
Acme,884697,ALRC080TBC,419.65
Acme,884695,ALRC080LWE,476.77
Acme,884693,ALRC055TBC,312.87
Acme,884691,ALRC055LWE,407.59
Acme,884690,ALRC045TBC,299.54
Acme,884688,ALRC045LWE,386.48
Acme,884687,ALRC035TBC,255.37
Acme,884685,ALRC035LWE,374.39
Acme,884683,ALRC027TBC,252.42
Acme,884682,ALRC027LWE,363.5
Acme,884680,ALRC025TBC,208.67
Acme,884678,ALRC025LWE,269.37
Acme,884677,ALRC016TBC,167.82
Acme,884675,ALRC016LWE,253.9
Acme,884673,ALRC012TBC,161.65
Acme,884672,ALRC012LWE,238.05
Acme,884670,ALRC008TBC,152.03
Acme,884668,ALRC008LWE,224.08
Acme,884666,ALRC006TBC,147.65
Acme,884665,ALRC006LWE,194.85
Acme,884663,ALRC004TBC,145.05
Acme,884662,ALRC004LWE,190.14
Acme,884660,ALRC003TBC,145.56
Acme,884658,ALRC003LWE,178.44
Acme,884657,ALRC002TBC,136.65
Acme,884655,ALRC002LWE,173.79
Acme,884654,ALRB600CBC,1619.09
Acme,884652,ALRB480CBC,1395.13
Acme,884650,ALRB420CBC,1264.59
Acme,884649,ALRB360CBC,1142.18
Acme,884647,ALRB300CBC,1105.63
Acme,884646,ALRB250CBC,813.5
Acme,884644,ALRB200CBC,608.57
Acme,884642,ALRB160LWE,621.49
Acme,884640,ALRB160CBC,587.29
Acme,884639,ALRB130LWE,517.96
Acme,884637,ALRB130CBC,450.49
Acme,884636,ALRB110LWE,494.44
Acme,884634,ALRB110CBC,369.02
Acme,884632,ALRB080TBC,285.12
Acme,884630,ALRB080LWE,446.55
Acme,884629,ALRB055TBC,246.99
Acme,884627,ALRB055LWE,356.93
Acme,884625,ALRB045TBC,216.1
Acme,884624,ALRB045LWE,329.54
Acme,884622,ALRB035TBC,206.64
Acme,884620,ALRB035LWE,296.41
Acme,884619,ALRB027TBC,198.32
Acme,884617,ALRB027LWE,259.9
Acme,884616,ALRB025TBC,164.28
Acme,884614,ALRB025LWE,254.54
Acme,884612,ALRB016TBC,150.14
Acme,884611,ALRB016LWE,241.81
Acme,884609,ALRB012TBC,137.82
Acme,884607,ALRB012LWE,226.72
Acme,884606,ALRB008TBC,128.72
Acme,884604,ALRB008LWE,213.4
Acme,884602,ALRB006TBC,127.22
Acme,884601,ALRB006LWE,185.56
Acme,884599,ALRB004TBC,116.1
Acme,884598,ALRB004LWE,181.09
Acme,884596,ALRB003TBC,111.63
Acme,884594,ALRB003LWE,169.94
Acme,884593,ALRB002TBC,110.0
Acme,884591,ALRB002LWE,165.53
Acme,884590,AE120750,184.67
Acme,884588,AE120500F3,153.13
Acme,884586,AE120500,131.1
Acme,884585,AE120350,105.04
Acme,884583,AE120250,86.88
Acme,884582,AE120150,70.46
Acme,884580,AE120100F2,68.26
Acme,884578,AE120100,48.99
Acme,884577,AE120050F2,63.53
Acme,884575,AE120050,44.24
Acme,884574,AE070750F3,173.13
Acme,884572,AE070750F2,184.18
Acme,884571,AE070750,164.91
Acme,884569,AE070500F3,134.51
Acme,884566,AE070500,112.5
Acme,884565,AE070350F3,97.23
Acme,884563,AE070350F2,94.47
Acme,884561,AE070350,75.22
Acme,884560,AE070250F3,83.33
Acme,884559,AE070250F2,80.58
Acme,884557,AE070250,61.32
Acme,884555,AE070150F3,72.95
Acme,884554,AE070150,50.94
Acme,884552,AE070100F2,62.03
Acme,884550,AE070100,42.76
Acme,884548,AE070050F2,57.64
Acme,884546,AE070050,38.37
Acme,884544,AE060750F3,156.09
Acme,884543,AE060750F2,152.54
Acme,884541,AE060750,138.67
Acme,884539,AE060500F3,125.31
Acme,884537,AE060500,103.29
Acme,884535,AE060350F3,94.88
Acme,884534,AE060350,72.88
Acme,884532,AE060250F3,88.99
Acme,884531,AE060250,66.96
Acme,884529,AE060150F3,71.26
Acme,884527,AE060150F2,68.51
Acme,884526,AE060150,49.24
Acme,884524,AE060100F2,58.19
Acme,884522,AE060100,38.94
Acme,884520,AE060075F2,56.27
Acme,884519,AE060075,37.0
Acme,884517,AE060050F2,52.59
Acme,884515,AE060050,33.32
Acme,884514,AE030750F3,198.53
Acme,884513,AE030750,176.51
Acme,884511,AE030500F3,146.71
Acme,884510,AE030500,124.69
Acme,884508,AE030350F3,128.82
Acme,884506,AE030350,106.81
Acme,884505,AE030250F3,101.76
Acme,884503,AE030250,79.74
Acme,884502,AE030150F3,72.46
Acme,884500,AE030150,50.45
Acme,884499,AE030100,44.32
Acme,884497,AE030075,40.72
Acme,884496,AE030050F2,53.24
Acme,884495,AE030050,33.97
Acme,884493,AE020750F2,174.08
Acme,884492,AE020750,154.82
Acme,884490,AE020500F3,144.72
Acme,884488,AE020500F2,141.96
Acme,884486,AE020500,122.71
Acme,884485,AE020350F3,125.95
Acme,884483,AE020350F2,123.19
Acme,884482,AE020350,103.94
Acme,884480,AE020300F2,117.1
Acme,884479,AE020300,97.85
Acme,884477,AE020250F3,98.15
Acme,884475,AE020250F2,95.4
Acme,884474,AE020250,76.14
Acme,884473,AE020150F3,80.13
Acme,884471,AE020150F2,77.37
Acme,884469,AE020150,58.12
Acme,884468,AE020100F2,64.68
Acme,884466,AE020100,45.42
Acme,884464,AE020075F2,60.51
Acme,884463,AE020075,41.26
Acme,884461,AE020050F2,53.13
Acme,884459,AE020050,33.87
Acme,884458,AE010750F3,183.94
Acme,884456,AE010750,161.92
Acme,884454,AE010500F3,124.58
Acme,884453,AE010500,118.82
Acme,884451,AE010350F3,102.56
Acme,884450,AE010350,87.59
Acme,884448,AE010250F3,80.55
Acme,884447,AE010250,74.1
Acme,884445,AE010150,58.54
Acme,884443,AE010100F2,59.68
Acme,884442,AE010100,40.42
Acme,884440,AE010075F2,54.54
Acme,884439,AE010075,35.27
Acme,884437,AE010050F4,56.63
Acme,884436,AE010050F2,53.88
Acme,884434,AE010050,34.62
Acme,884432,A81010206,82.53
Acme,884431,A51010206,82.53
Acme,884429,A201010206,82.53
Acme,884427,A151010206,82.53
Acme,884425,A121010206,82.53
Acme,884424,750B48HA,365.12
Acme,884422,750B24HA,365.12
Acme,884420,500B48HA,205.14
Acme,884418,500B24HA,205.13
Acme,884417,200B7HA,131.05
Acme,884415,200B48HA,131.04
Acme,884413,200B24HA,131.05
Acme,884412,200B20HA,131.05
Acme,884410,200B12HA,131.05
Acme,884409,100B7HA,111.1
Acme,884407,100B48HA,115.17
Acme,884405,100B24HA,115.17
Acme,884403,100B20HA,111.09
Acme,884402,100B12HA,111.09
