Brand,Competitor,MRO id,Part Number,Our Price,Their Price
Baldor,sqone,22366,VP7424-14,261.12,257.05
Baldor,sqone,22367,VP7424D,261.12,257.05
Baldor,sqone,22615,D50200P,31412.70,30452.21
Baldor,sqone,22680,OF4409T,13425.60,13019.98
Baldor,sqone,22681,ECP844156T-4,13520.15,13111.67
Baldor,sqone,22683,ECP4407TR-4,13816.91,13399.46
Baldor,sqone,22684,ECP4407T-4,13146.88,12749.68
Baldor,sqone,22685,ECP4407T-5,13146.88,12749.68
Baldor,sqone,22686,ECP44156T-4,13164.37,12766.64
Baldor,sqone,22687,ECP44156TR-4,13834.94,13416.95
Baldor,sqone,22693,ECP84411T-4,12163.71,11796.21
Baldor,sqone,22703,ECP84406T-4,11761.48,11406.13
Baldor,sqone,22704,ECP84406T-5,11761.48,11406.13
Baldor,sqone,22707,AEM4404-4,13414.92,13387.27
Baldor,sqone,22708,ECP4411T-4,11676.22,11323.45
Baldor,sqone,24384,D1153,931.80,903.65
Baldor,sqone,24379,VWDM3710T,949.29,920.61
Baldor,sqone,24375,EL3612T,906.12,878.74
Baldor,sqone,24372,GDL1605T,886.99,860.19
Baldor,sqone,24368,VEM3770T-5,918.14,890.40
Baldor,sqone,24367,VEM3770T,918.14,890.40
Baldor,sqone,24364,M3701,913.22,885.63
Baldor,sqone,24363,EM3774T-8,945.47,916.90
Baldor,sqone,24362,EM3774T-5,921.97,894.11
Baldor,sqone,24361,EM3774T,921.97,894.11
Baldor,sqone,24353,CDP3445-V24,960.22,931.21
Baldor,sqone,24350,VFDL3610TM,903.93,876.62
Baldor,sqone,24347,L3709T,904.48,877.15
Baldor,sqone,24342,EBM3554T,959.67,930.68
Baldor,sqone,24341,CDP3445-V12,964.59,935.45
Baldor,sqone,24339,IDWNM3554T,933.44,905.24
Baldor,sqone,24332,L3710T,917.59,889.87
Baldor,sqone,24329,L3606,936.17,907.89
Baldor,sqone,24319,VEBM3554T,980.99,951.35
Baldor,sqone,24318,EBM3558T,980.99,949.52
Baldor,sqone,24316,IDVSWDM3542,955.30,926.44
Baldor,sqone,24313,IDCSWDM3542,959.67,930.68
Baldor,sqone,24312,UCL7510,952.02,923.26
Baldor,sqone,24305,UCCE7510,959.13,930.15
Baldor,sqone,24301,JMM3314T-5,1018.70,987.92
Baldor,sqone,24296,BM3603,991.37,961.42
Baldor,sqone,24293,CSSEWDM3555T,1021.98,1007.60
Baldor,sqone,24286,CSSEWDM3558,1029.63,1015.52
Baldor,sqone,24285,L1505,973.34,943.93
Baldor,sqone,24276,CSSEWDM3558T,1036.73,1022.56
Baldor,sqone,24275,VM8008T,1039.47,1008.06
Baldor,sqone,24272,IDVSWDM3546T,991.37,961.42
Baldor,sqone,24271,IDVSWDM3546,991.37,961.42
Baldor,sqone,24267,IDCSWDM3546T,996.29,966.19
Baldor,sqone,24266,IDCSWDM3546,996.29,966.19
Baldor,sqone,24264,EM3771T-8,1024.71,816.73
Baldor,sqone,24263,EM3771T,1000.12,816.73
Baldor,sqone,24260,FDL3731M,992.47,962.48
Baldor,sqone,24252,CDPX3410,1042.20,1010.71
Baldor,sqone,24251,CDPX3406,1042.20,1010.71
Baldor,sqone,24246,BM3556T,1018.70,987.92
Baldor,sqone,24231,VRBM3546,1031.81,1000.64
Baldor,sqone,24230,VWDM3714T,1082.64,1049.93
Baldor,sqone,24224,VM3713T-5,1083.73,1050.99
Baldor,sqone,24223,VM3713T,1083.73,1050.99
Baldor,sqone,24218,BM3606,1060.23,1028.20
Baldor,sqone,22901,D5510P,6198.65,699.60
Baldor,sqone,22916,IDXM7562T,5192.99,564.45
Baldor,sqone,23139,M4104,3476.98,2333.59
Baldor,sqone,23182,M1728T,2925.24,2796.28
Baldor,sqone,23187,M1229T,2919.62,2338.89
Baldor,sqone,23194,M2395T,2873.13,1379.06
Baldor,sqone,23271,CECP84103T-4,2628.42,2622.40
Baldor,sqone,23397,M1727T,2307.92,2238.19
Baldor,sqone,23401,OF3415T,2295.35,2226.00
Baldor,sqone,23413,M1763T,2266.38,2197.91
Baldor,sqone,23417,VECP2332T,2320.49,2250.38
Baldor,sqone,23418,VHM2515T,2254.36,2186.25
Baldor,sqone,23420,CBM7014T,2319.40,2249.32
Baldor,sqone,23421,ECP84103T-4,2310.65,2240.84
Baldor,sqone,23422,ECP84103T-5,2310.65,2240.84
Baldor,sqone,23423,ASM7515,2289.34,2220.17
Baldor,sqone,23426,IDWNM22938T,2299.72,2230.24
Baldor,sqone,23429,L5020,2264.20,2195.79
Baldor,sqone,23434,VHM2516T,2216.10,2149.15
Baldor,sqone,23438,BM3714T,2262.01,2193.67
Baldor,sqone,23439,IDXM7570T,2253.81,2185.72
Baldor,sqone,23446,OF3315T,2172.38,2106.75
Baldor,sqone,23447,M1227T,2169.10,2103.57
Baldor,sqone,23456,IDXM7054T,2200.26,2133.78
Baldor,sqone,23458,IDCSWDM3710T,2199.16,1602.72
Baldor,sqone,23464,VHECP3774T,2172.38,2106.75
Baldor,sqone,23465,M1213T,2108.99,2050.57
Baldor,sqone,23471,VHM2514T,2083.30,2020.36
Baldor,sqone,23472,ASM6215,2122.10,2057.99
Baldor,sqone,23473,ASM7510,2122.10,2057.99
Baldor,sqone,23484,EM7054T-C,2100.24,2036.79
Baldor,sqone,23486,M2542T-8,2087.13,2024.07
Baldor,sqone,23487,VEBM3710T,2156.53,2091.38
Baldor,sqone,23493,VHECP3771T,2086.58,2023.54
Baldor,sqone,23494,GDL1615T,2008.43,1947.75
Baldor,sqone,23501,EM7054T,2049.97,1988.03
Baldor,sqone,23502,ECP84106T-4,2045.05,1983.26
Baldor,sqone,23507,M2539T-8,2035.76,1974.25
Baldor,sqone,23508,VHM2513T,1984.93,1924.96
Baldor,sqone,23519,DEL3737TM,1972.91,1913.30
Baldor,sqone,23521,M2538T-8,2013.90,1953.05
Baldor,sqone,23524,IDXM7547T,2013.90,1953.05
Baldor,sqone,23527,CBM7010,2012.26,1951.46
Baldor,sqone,23528,EM4103T-8,2058.71,1996.51
Baldor,sqone,23533,VHECP3769T,2000.78,1940.33
Baldor,sqone,23535,CDX7100,2068.55,2006.05
Baldor,sqone,23537,EFM4103T,1995.86,1935.56
Baldor,sqone,23543,EM4107T-5,1972.36,1912.77
Baldor,sqone,23544,EM4107T-8,2020.45,1959.41
Baldor,sqone,23545,M2333,2108.99,2045.27
Baldor,sqone,23550,IDWNM22937T,1963.62,1904.29
Baldor,sqone,23552,OF2332T,1902.95,1845.46
Baldor,sqone,23556,CECP2334T,1936.84,1878.32
Baldor,sqone,23558,VHECP3770T,1936.29,1877.79
Baldor,sqone,23559,CDX1875,2003.51,1942.98
Baldor,sqone,23567,IDXM7170T,1921.53,1863.48
Baldor,sqone,23571,AEM2276-4,2323.77,2253.56
Baldor,sqone,23573,VECP2334T,1899.67,1842.28
Baldor,sqone,23582,EM2535T-8,1939.02,1880.44
Baldor,sqone,23585,M4104T-8,1881.64,1824.79
Baldor,sqone,23586,CL5018,1833.55,1778.15
Baldor,sqone,23588,ZDWNM3609T,1878.91,1797.84
Baldor,sqone,23594,BM3734T,1872.35,1815.78
Baldor,sqone,23602,D2305,1924.27,1866.13
Baldor,sqone,23603,CBM3710T,1860.33,1804.12
Baldor,sqone,23606,VECP2276T,1853.77,1797.76
Baldor,sqone,23608,VBM3710T,1850.49,1794.58
Baldor,sqone,23611,ASM6210,1820.43,1765.43
Baldor,sqone,23621,CSSEWDM3714T,2038.49,2032.80
Baldor,sqone,23631,L5018,1779.99,1726.21
Baldor,sqone,23634,VECP2333T,1792.01,1737.87
Baldor,sqone,23636,ZDWNM3554T,1783.81,1729.92
Baldor,sqone,23647,CDPX3436,1827.53,1772.32
Baldor,sqone,23648,CDPX3440,1827.53,1772.32
Baldor,sqone,23652,OF2276T,1708.94,1657.31
Baldor,sqone,23660,L3706,1723.15,1671.09
Baldor,sqone,23665,VP3603D,1800.21,1745.82
Baldor,sqone,23669,EM2531T-8,1772.88,1719.32
Baldor,sqone,23674,ASM6207,1703.48,1652.01
Baldor,sqone,23679,ZDWNM3546T,1698.01,1646.71
Baldor,sqone,23687,BM3730T,1687.08,1636.11
Baldor,sqone,23690,OF3410T,1637.90,1588.41
Baldor,sqone,23699,DEL3733TM,1615.49,1566.68
Baldor,sqone,23703,EJMM2515T,1643.91,1594.24
Baldor,sqone,23735,M2535T-8,1596.91,1548.66
Baldor,sqone,23739,M4103T-8,1593.08,1544.95
Baldor,sqone,23745,OF3310T,1548.81,1502.02
Baldor,sqone,23747,AEM2238-4,1944.49,1885.74
Baldor,sqone,23753,EM2516T,1576.14,1567.21
Baldor,sqone,23754,EM2516T-8,1616.03,1567.21
Baldor,sqone,23775,VJMM2334T-5,1619.86,1570.92
Baldor,sqone,23776,CSSEWDM3710T,1731.35,1723.04
Baldor,sqone,23781,EM2334T-8,1574.50,1526.93
Baldor,sqone,23786,EFM2334T,1526.95,1480.82
Baldor,sqone,23791,EM4106T-5,1511.65,1465.98
Baldor,sqone,23792,EM4106T-8,1548.81,1502.02
Baldor,sqone,23795,CSSEWDM3709T,1696.37,1687.84
Baldor,sqone,23805,VJMM2333T-5,1566.85,1519.51
Baldor,sqone,23813,JMM2333T-5,1553.19,1506.26
Baldor,sqone,23820,CDX1850,1512.74,1467.04
Baldor,sqone,23833,OF3407T,1401.80,1359.45
Baldor,sqone,23835,CEWDM3714T,1437.33,1393.90
Baldor,sqone,23836,VM7170T,1508.37,1462.80
Baldor,sqone,23838,M2534T-8,1431.31,1383.30
Baldor,sqone,23843,CDPX3426,1478.31,1433.65
Baldor,sqone,23844,CDPX3430,1478.31,1433.65
Baldor,sqone,23848,EFM2515T,1419.29,1222.18
Baldor,sqone,23849,EFM2515T-8,1454.27,1410.33
Baldor,sqone,23850,EM2515T,1419.29,1410.33
Baldor,sqone,23852,EM2515T-8,1454.27,1410.33
Baldor,sqone,23856,L1506,1397.43,1355.21
Baldor,sqone,23860,VP3585-14,1463.01,1418.81
Baldor,sqone,23861,VP3585D,1463.01,1418.81
Baldor,sqone,23867,IDXM7147T,1401.80,1359.45
Baldor,sqone,23875,GDL1610T,1349.88,1309.10
Baldor,sqone,23884,EM2394T,1377.21,1335.60
Baldor,sqone,23885,EM2394T-5,1377.21,1335.60
Baldor,sqone,23886,EM2394T-8,1411.09,1368.46
Baldor,sqone,23890,ECP83771T-4,1370.65,1329.24
Baldor,sqone,23894,M2531T-8,1365.73,1324.47
Baldor,sqone,23895,CL3712T,1332.40,1292.14
Baldor,sqone,23905,M2516T-8,1352.07,1311.22
Baldor,sqone,23906,CL3711T,1316.55,1276.77
Baldor,sqone,23907,EM7147T-C,1353.71,1312.81
Baldor,sqone,23909,VEWDM3714T,1347.15,1306.45
Baldor,sqone,23915,VECP3771T-4,1338.95,1298.50
Baldor,sqone,23919,M2394,1422.02,1379.06
Baldor,sqone,23925,UCC10150,1305.62,1266.17
Baldor,sqone,23927,AEM2237-4,1607.84,1559.26
Baldor,sqone,23928,OF3307T,1278.29,1239.67
Baldor,sqone,23929,EM2514T,1312.72,1305.92
Baldor,sqone,23930,EM2514T-8,1346.60,1305.92
Baldor,sqone,23935,CSSEWDM3615T,1362.45,1351.68
Baldor,sqone,23943,CEWDBM3554T,1335.67,1295.32
Baldor,sqone,23944,CSSEWDM3613T,1352.07,1341.12
Baldor,sqone,23947,M2334T-8,1288.13,1249.21
Baldor,sqone,23953,VM7045T,1352.62,1311.75
Baldor,sqone,23957,ECP83774T-4,1279.93,1241.26
Baldor,sqone,23958,ECP83774T-5,1279.93,1241.26
Baldor,sqone,23965,FDL3737TM,1233.48,1196.21
Baldor,sqone,23966,VECP3774T,1269.00,1230.66
Baldor,sqone,23967,VECP3774T-4,1269.00,1230.66
Baldor,sqone,23971,EM2333T-8,1297.97,1258.75
Baldor,sqone,23972,EWDM3714T,1266.27,1228.01
Baldor,sqone,23975,CDPX3416,1309.44,1269.88
Baldor,sqone,23976,CDPX3420,1309.44,1269.88
Baldor,sqone,23977,CEWDM3710T,1264.63,1226.42
Baldor,sqone,23979,VECP3769T-4,1264.08,1225.89
Baldor,sqone,23980,EFM2333T,1260.26,1222.18
Baldor,sqone,23983,VEWDM3710T,1253.70,1215.82
Baldor,sqone,23989,UCLE1015,1230.74,1172.36
Baldor,sqone,23994,EBM3611T,1270.64,1163.36
Baldor,sqone,24000,CL5028T,1195.22,1159.11
Baldor,sqone,24007,UCCE130,1211.07,1174.48
Baldor,sqone,24008,UCL1015,1208.88,1172.36
Baldor,sqone,24016,VWAM3714T,1270.09,1231.72
Baldor,sqone,24020,M1508T,1173.91,1138.44
Baldor,sqone,24024,L5028T,1171.72,1136.32
Baldor,sqone,24025,CEWDBM3546T,1240.03,1202.57
Baldor,sqone,24032,JMM2394T-5,1593.08,1544.95
Baldor,sqone,24033,GDL1607T,1166.80,1131.55
Baldor,sqone,24037,CSSEWDM3611T,1247.69,1235.52
Baldor,sqone,24038,CEWDBM3546,1227.47,1190.38
Baldor,sqone,24041,FDL3712TM,1158.06,1123.07
Baldor,sqone,24046,M2333T-9,1153.14,1118.30
Baldor,sqone,24048,CSSEWDM3559T,1238.94,1226.72
Baldor,sqone,24049,VM7047T,1243.31,1205.75
Baldor,sqone,24050,VM7047T-5,1243.31,1205.75
Baldor,sqone,24054,VP3575-14,1226.37,1189.32
Baldor,sqone,24055,VP3575D,1226.37,1189.32
Baldor,sqone,24056,VP3588D,1226.37,1189.32
Baldor,sqone,24069,L3708,1156.97,1122.01
Baldor,sqone,24072,EWDM3710T,1162.43,1127.31
Baldor,sqone,24073,CEWDBM3542,1195.77,1159.64
Baldor,sqone,24077,L3712T,1125.81,1091.80
Baldor,sqone,24078,FDL3732M,1144.94,1110.35
Baldor,sqone,24079,VRBM3554T,1122.53,1088.62
Baldor,sqone,24081,JMM3713T-5,1211.07,1174.48
Baldor,sqone,24091,L3705,1131.28,1097.10
Baldor,sqone,24093,L3711T,1108.87,1075.37
Baldor,sqone,24098,VFDL3612TM,1106.14,1072.72
Baldor,sqone,24102,L1512T,1100.13,1066.89
Baldor,sqone,24108,EM2513T-8,1158.60,1123.60
Baldor,sqone,24109,FM2515T-8,1126.91,1092.86
Baldor,sqone,24112,M2515T-8,1126.91,1092.86
Baldor,sqone,24122,L1511T,1092.48,1059.47
Baldor,sqone,24125,M2514T-8,1117.62,1083.85
Baldor,sqone,24136,VM8024T,1168.44,1133.14
Baldor,sqone,24143,VM7073T,1161.88,1126.78
Baldor,sqone,24156,FDL3733TM,1052.58,1020.78
Baldor,sqone,24173,CEWDBM3538,1106.69,1073.25
Baldor,sqone,24174,VECP3770T,1074.44,1041.98
Baldor,sqone,24175,VECP3770T-4,1074.44,1041.98
Baldor,sqone,24181,M2333T-8,1067.34,1035.09
Baldor,sqone,24186,IDCSWDM3554,1065.70,1033.50
Baldor,sqone,24187,IDCSWDM3554T,1065.70,1033.50
Baldor,sqone,24193,VWAM3710T,1113.79,1080.14
Baldor,sqone,24194,IDVSWDM3554,1060.23,1028.20
Baldor,sqone,24195,IDVSWDM3554T,1060.23,1028.20
Baldor,sqone,24196,D1154,1095.76,63.72
Baldor,sqone,24197,D2304,1095.76,1062.65
Baldor,sqone,24385,D2303,931.80,903.65
Baldor,sqone,24389,VRBM3542,895.19,868.14
Baldor,sqone,24391,L1509T,866.22,840.05
Baldor,sqone,24402,FM2513T-8,875.51,849.06
Baldor,sqone,24403,M2513T-8,875.51,849.06
Baldor,sqone,24408,M3314T-8,873.87,847.47
Baldor,sqone,24410,JMM3711T-5,919.23,891.46
Baldor,sqone,24421,M7023,926.88,898.88
Baldor,sqone,24433,EM3769T,853.10,847.47
Baldor,sqone,24434,EM3769T-8,873.87,847.47
Baldor,sqone,24441,IDCSWDM3538,847.64,822.03
Baldor,sqone,24442,IDWNM3546T,847.64,822.03
Baldor,sqone,24443,VEBM3546T,872.78,846.41
Baldor,sqone,24445,M7019,905.02,877.68
Baldor,sqone,24451,VEBM3546,866.77,840.58
Baldor,sqone,24452,IDVSWDM3538,840.53,815.14
Baldor,sqone,24453,CBM3554T,841.08,815.67
Baldor,sqone,24458,L3708TM,815.94,791.29
Baldor,sqone,24459,M3709T-50,815.94,791.29
Baldor,sqone,24464,CL3608TM,809.93,785.46
Baldor,sqone,24468,FDL3612TM,808.29,783.87
Baldor,sqone,24469,UCME1014,823.59,803.44
Baldor,sqone,24475,EBM3546,835.62,810.37
Baldor,sqone,24477,EBM3546T,852.56,826.80
Baldor,sqone,24479,VECP3665T-4,826.87,708.40
Baldor,sqone,24488,EM3770T-5,821.95,614.80
Baldor,sqone,24489,EM3770T-8,842.17,816.73
Baldor,sqone,24490,L1508T-50,799.00,774.86
Baldor,sqone,24491,L3708T-50,799.00,774.86
Baldor,sqone,24496,VJMM3714T-5,859.66,833.69
Baldor,sqone,24505,CSSEWDM3554T,860.21,834.22
Baldor,sqone,24509,VBM3554,815.94,791.29
Baldor,sqone,24510,VBM3554T,815.94,791.29
Baldor,sqone,24517,CSSEWDM3550T,855.29,839.52
Baldor,sqone,24519,JMM3714T-5,850.37,824.68
Baldor,sqone,24525,CSSEWDM3546T,852.56,826.80
Baldor,sqone,24526,CSSEWDM3554,852.01,826.27
Baldor,sqone,24528,EM7134T-C,807.74,783.34
Baldor,sqone,24532,CL3612TM,783.70,760.02
Baldor,sqone,24534,M3618T,783.70,760.02
Baldor,sqone,24536,CSSEWDM3550,848.19,832.48
Baldor,sqone,24541,BM3554,802.83,778.57
Baldor,sqone,24542,CSSEWDM3546,845.45,819.91
Baldor,sqone,24543,BM3554T,802.83,778.57
Baldor,sqone,24544,VSSEWDM3554T,823.59,798.71
Baldor,sqone,24548,EFM3313T,798.45,774.33
Baldor,sqone,24549,EFM3313T-8,817.58,792.88
Baldor,sqone,24555,FDL3610M,788.62,764.79
Baldor,sqone,24560,VM3709T,834.52,809.31
Baldor,sqone,24561,VM3709T-5,834.52,809.31
Baldor,sqone,24562,VSSEWDM3546T,816.49,791.82
Baldor,sqone,24563,VSSEWDM3554,815.94,791.29
Baldor,sqone,24564,CSSEWDM3545,837.26,811.96
Baldor,sqone,24571,AEM3687-4,967.87,938.63
Baldor,sqone,24574,FDL3610TM,769.49,746.24
Baldor,sqone,24577,EM7114T-C,789.16,765.32
Baldor,sqone,24581,IDXM7034T,788.07,764.26
Baldor,sqone,24582,VSSEWDM3546,808.84,784.40
Baldor,sqone,24586,UCCE759,761.84,738.82
Baldor,sqone,24588,VECP3667T,782.06,758.43
Baldor,sqone,24592,VSSEWDM3545,800.64,776.45
Baldor,sqone,24597,L1510T,753.64,730.87
Baldor,sqone,24604,UCL710,752.00,729.28
Baldor,sqone,24605,CSSWDM3554,793.53,769.56
Baldor,sqone,24611,CL3619TM,747.63,725.04
Baldor,sqone,24612,D2302,795.17,771.15
Baldor,sqone,24619,VL3609T,746.53,723.98
Baldor,sqone,24620,CSSEWDM3542,809.38,784.93
Baldor,sqone,24621,D1152,793.53,58.33
Baldor,sqone,24627,VRBM3538,764.57,741.47
Baldor,sqone,24630,IDXM7014T,760.74,737.76
Baldor,sqone,24631,BM3543,761.84,738.82
Baldor,sqone,24633,EL3609T,759.65,736.70
Baldor,sqone,24636,VSSWDM3554T,839.99,814.61
Baldor,sqone,24639,UCLE570,734.51,679.99
Baldor,sqone,24642,CSSWDM3546,776.05,752.60
Baldor,sqone,24643,CSSEWDM3541,797.36,773.27
Baldor,sqone,24646,VSSEWDM3542,773.31,749.95
Baldor,sqone,24647,L3612TM,731.78,709.67
Baldor,sqone,24648,CSSWDM3545,771.13,747.83
Baldor,sqone,24652,CBM3546T,750.36,727.69
Baldor,sqone,24658,VBM3154,746.53,723.98
Baldor,sqone,24661,L3608TM,724.67,702.78
Baldor,sqone,24663,VBM3154T,806.10,781.75
Baldor,sqone,24666,CSSEWDM3538,783.15,759.49
Baldor,sqone,24667,VSSEWDM3541,761.29,738.29
Baldor,sqone,24668,VSSWDM3546,761.29,738.29
Baldor,sqone,24674,ECP3667T,737.24,714.97
Baldor,sqone,24675,ECP3667T-4,737.24,714.97
Baldor,sqone,24683,CSSWDM3542,755.83,732.99
Baldor,sqone,24684,VSSWDM3545,755.83,732.99
Baldor,sqone,24695,CSSEWDM3537,771.67,748.36
Baldor,sqone,24696,VBL3507,731.23,709.14
Baldor,sqone,24700,VSSEWDM3538,747.08,724.51
Baldor,sqone,24708,VL3606T,705.55,684.23
Baldor,sqone,24709,BM3539,725.77,703.84
Baldor,sqone,24715,L3608T,702.27,681.05
Baldor,sqone,24718,JMM3312T-5,758.01,735.11
Baldor,sqone,24721,VSSWDM3542,741.07,718.68
Baldor,sqone,24722,M7015,714.29,692.71
Baldor,sqone,24723,UCL570,701.17,679.99
Baldor,sqone,24725,L5022,699.53,678.40
Baldor,sqone,24729,D1151,742.16,74.44
Baldor,sqone,24730,D2301,742.16,719.74
Baldor,sqone,24731,EM7034T,716.48,435.13
Baldor,sqone,24732,BL3507,717.57,695.89
Baldor,sqone,24733,VSSEWDM3537,734.51,712.32
Baldor,sqone,24734,AEM3684-4,874.97,848.53
Baldor,sqone,24735,ECP83664T-4,839.99,721.60
Baldor,sqone,24743,BM3546,715.38,693.77
Baldor,sqone,24744,BM3546T,715.38,693.77
Baldor,sqone,24746,JMM3313T-5,749.81,727.16
Baldor,sqone,24748,L1508T,694.62,673.63
Baldor,sqone,24749,L3708T,694.62,673.63
Baldor,sqone,24750,UCCE570,691.88,670.98
Baldor,sqone,24752,CSSWDM3538,730.14,708.08
Baldor,sqone,24754,UCC7100,690.79,669.92
Baldor,sqone,24755,M3220T,688.06,667.27
Baldor,sqone,24761,CWAM3557,682.05,661.44
Baldor,sqone,24767,VSSWDM3538,714.84,693.24
Baldor,sqone,24770,EM7014T,691.88,670.98
Baldor,sqone,24771,VM7035T,727.41,705.43
Baldor,sqone,24780,L3609T-50,668.38,648.19
Baldor,sqone,24781,VM8006T,720.85,473.60
Baldor,sqone,24783,CSSWDM3541,703.36,682.11
Baldor,sqone,24784,CL1410TM,666.74,646.60
Baldor,sqone,24789,IDXM7010,683.14,662.50
Baldor,sqone,24792,AOM3617T,662.37,642.36
Baldor,sqone,24795,M3617T,661.83,641.83
Baldor,sqone,24801,VM7032,658.55,638.65
Baldor,sqone,24810,CEWDM3558T,671.66,651.37
Baldor,sqone,24812,M1505T,653.63,633.88
Baldor,sqone,24813,M1705T,653.63,633.88
Baldor,sqone,24816,CEM3665T,684.23,675.84
Baldor,sqone,24820,ECP83582T-4,671.12,650.84
Baldor,sqone,24821,M3714T-9,653.08,633.35
Baldor,sqone,24824,L3605,663.47,504.63
Baldor,sqone,24827,IDXM7006,668.38,648.19
Baldor,sqone,24834,EM3667T,665.10,645.01
Baldor,sqone,24838,EL1410T,662.92,642.89
Baldor,sqone,24845,VJMM3710T-5,696.26,675.22
Baldor,sqone,24846,CSSWDM3537,680.41,659.85
Baldor,sqone,24847,CECP83584T-4,662.37,642.36
Baldor,sqone,24856,EFM3311T,659.64,639.71
Baldor,sqone,24857,EFM3311T-8,676.03,655.61
Baldor,sqone,24858,EM3311T,658.38,655.61
Baldor,sqone,24860,EM3311T-8,676.03,655.61
Baldor,sqone,24865,CESWDM3554T,658.55,638.65
Baldor,sqone,24866,VECP3582T,658.55,638.65
Baldor,sqone,24872,VM7037,636.69,617.45
Baldor,sqone,24874,L1410TM,636.69,617.45
Baldor,sqone,24875,L1430TM,636.69,617.45
Baldor,sqone,24882,VESWDM3554,651.44,631.76
Baldor,sqone,24883,VESWDM3554T,651.44,631.76
Baldor,sqone,24887,CECP83581T-4,650.35,630.70
Baldor,sqone,24889,JMM3616T-5,682.59,661.97
Baldor,sqone,24897,VSSWDM3537,664.01,643.95
Baldor,sqone,24898,L3609TM,629.58,610.56
Baldor,sqone,24899,AOM3714T,628.49,609.50
Baldor,sqone,24900,UCC5700,628.49,609.50
Baldor,sqone,24902,VL5005A,627.94,608.97
Baldor,sqone,24905,CDP3440-V12,666.74,646.60
Baldor,temco,23402,M2334,2359.20,1563.79
Baldor,sqone,24907,VM7031A,625.21,606.32
Baldor,sqone,24911,JMM3710T-5,673.85,653.49
Baldor,sqone,24912,M3234,636.14,616.92
Baldor,sqone,24916,VBM3116T,693.52,672.57
Baldor,sqone,24918,CEWDM3556,640.51,621.16
Baldor,sqone,24922,VP3455-14,661.83,641.83
Baldor,sqone,24923,VP3455D,661.83,641.83
Baldor,sqone,24924,M1521T,621.93,603.14
Baldor,sqone,24925,M1721T,621.93,603.14
Baldor,sqone,24931,ECP83584T-4,636.69,617.45
Baldor,sqone,24932,ECP83584T-5,636.69,617.45
Baldor,sqone,24938,M1504T,618.65,599.96
Baldor,sqone,24939,M1704T,618.65,599.96
Baldor,sqone,24940,FDL3619TM,617.56,598.90
Baldor,sqone,24948,VBM3542,631.22,612.15
Baldor,sqone,24949,VBM3542-5,631.22,612.15
Baldor,sqone,24950,ECP3582T,630.13,611.09
Baldor,sqone,24951,ECP3582T-4,630.13,611.09
Baldor,sqone,24952,CESWDM3546,628.49,609.50
Baldor,sqone,24953,BM3116,628.49,609.50
Baldor,sqone,24958,ECP83581T-4,625.76,606.85
Baldor,sqone,24959,ECP83581T-5,625.76,606.85
Baldor,sqone,24960,M7031A,607.72,589.36
Baldor,sqone,24961,M7032,607.72,589.36
Baldor,sqone,24962,M3600,591.33,573.46
Baldor,sqone,24963,M3602,591.33,573.46
Baldor,sqone,24964,M7031TA,607.72,589.36
Baldor,sqone,24968,L5005A,604.99,586.71
Baldor,sqone,24971,UCLE3145,603.35,552.79
Baldor,sqone,24973,CWAM3556,601.71,583.53
Baldor,sqone,24978,EM3665T,630.13,621.28
Baldor,sqone,24984,BM3542,616.47,597.84
Baldor,sqone,24992,VM7007A,595.15,577.17
Baldor,sqone,24993,CECP3584T,612.64,594.13
Baldor,sqone,24996,CM7034,594.06,576.11
Baldor,sqone,25000,M3714T-8,608.27,589.89
Baldor,sqone,25001,VEWDM3554T,611.55,593.07
Baldor,sqone,25002,CEWDM3554T,609.36,590.95
Baldor,sqone,25003,AEM3686-4,744.35,721.86
Baldor,sqone,25007,VECP3584T,607.72,589.36
Baldor,sqone,25008,VECP3584T-4,607.72,589.36
Baldor,sqone,25010,VEWDM3554,606.63,588.30
Baldor,sqone,25015,UCCE345,600.62,582.47
Baldor,sqone,25016,VM7034,589.14,571.34
Baldor,sqone,25017,M3233,600.07,581.94
Baldor,sqone,25020,VM7034T,636.14,616.92
Baldor,sqone,25021,VM7034T-5,636.14,616.92
Baldor,sqone,25031,CECP3581T,600.62,582.47
Baldor,sqone,25033,JMM3311T-5,631.22,612.15
Baldor,sqone,25036,M3312T-8,598.43,580.35
Baldor,sqone,25037,UCL345,593.51,575.58
Baldor,sqone,25042,L3609T,582.03,564.45
Baldor,sqone,25043,M1021T,582.03,564.45
Baldor,sqone,25044,M1221T,582.03,564.45
Baldor,sqone,25045,VESWDM3546,598.43,580.35
Baldor,sqone,25046,VECP3581,597.88,579.82
Baldor,sqone,25047,VECP3581-4,597.88,579.82
Baldor,sqone,25048,VECP3581T,597.88,579.82
Baldor,sqone,25050,VM3614,638.87,516.56
Baldor,sqone,25051,CL5007A-50,579.85,562.33
Baldor,sqone,25053,VBM3112,593.51,575.58
Baldor,sqone,25062,M7007A,572.20,554.91
Baldor,sqone,25066,UCL3145,570.01,552.79
Baldor,sqone,25074,CEWDM3546T,582.03,564.45
Baldor,sqone,25078,VP3468D,606.63,588.30
Baldor,sqone,25080,FM3313T-8,579.30,561.80
Baldor,sqone,25082,M3313T-8,579.30,561.80
Baldor,sqone,25085,ECP3584T,580.94,563.39
Baldor,sqone,25086,ECP3584T-4,580.94,563.39
Baldor,sqone,25087,ECP3584T-5,580.94,563.39
Baldor,sqone,25089,WWL3606,565.09,548.02
Baldor,sqone,25092,EL1408T,580.40,562.86
Baldor,sqone,25098,M3710T-9,561.27,419.76
Baldor,sqone,25099,BM3112,577.66,560.21
Baldor,sqone,25100,L1409T,560.72,543.78
Baldor,walkeremd,23227,M4107,2993.70,2783.03
Baldor,sqone,25108,CM7014,557.44,540.60
Baldor,sqone,25109,CWDM3557,557.44,540.60
Baldor,sqone,25113,M3604,541.59,525.23
Baldor,walkeremd,23251,M2535,2904.29,2685.89
Baldor,sqone,25116,CM7010-50,555.80,337.08
Baldor,sqone,25119,CEWDM3546,570.56,553.32
Baldor,sqone,25120,ECP3581T,570.56,553.32
Baldor,sqone,25121,ECP3581T-4,570.56,553.32
Baldor,sqone,25122,ECP3581T-5,570.56,553.32
Baldor,sqone,25125,VM3607,611.00,592.54
Baldor,sqone,25133,CL1408TM,553.07,536.36
Baldor,sqone,25134,VEWDM3546T,569.47,552.26
Baldor,sqone,25138,CEWDM3545,567.83,550.67
Baldor,sqone,25142,AEM3683-4,693.52,672.57
Baldor,sqone,25144,VEWDM3546,565.09,548.02
Baldor,sqone,25149,VL5002A,547.60,531.06
Baldor,walkeremd,23309,M2531,2646.82,2242.21
Baldor,sqone,25152,KBL3409,563.45,546.43
Baldor,sqone,25154,VM7014,547.06,530.53
Baldor,sqone,25155,VM7014-5,547.06,530.53
Baldor,sqone,25156,VM7014T,590.23,572.40
Baldor,sqone,25157,VM7014T-5,590.23,572.40
Baldor,sqone,25159,CWDM3543,544.87,528.41
Baldor,sqone,25161,EM3582T,559.08,542.19
Baldor,sqone,25164,CM7006-50,542.92,354.54
Baldor,sqone,25167,M7003A,542.14,525.76
Baldor,sqone,25168,EWDM3554T,556.90,540.07
Baldor,sqone,25170,M7034,539.41,523.11
Baldor,sqone,25190,CEM3584T,549.24,532.65
Baldor,sqone,25191,CEM3584T-5,549.24,532.65
Baldor,sqone,25211,CWDM3556,526.29,510.39
Baldor,sqone,25221,L5002A,525.20,509.33
Baldor,sqone,25223,M3607,578.76,561.27
Baldor,sqone,25227,L1408TM,523.56,507.74
Baldor,sqone,25231,VBM3538,538.86,522.58
Baldor,sqone,25235,VM7010-5,520.83,505.09
Baldor,sqone,25236,VM7010A,520.83,505.09
Baldor,sqone,25247,AOM3710T,518.64,502.97
Baldor,sqone,25249,CEM3581T,531.21,515.16
Baldor,sqone,25250,CEM3581T-5,531.21,515.16
Baldor,sqone,25252,JMM3219T-5,557.44,540.60
Baldor,sqone,25254,CECP83580T-4,594.06,576.11
Baldor,sqone,25256,VEM3584T,530.12,514.10
Baldor,sqone,25257,VEM3584T-5,530.12,514.10
Baldor,sqone,25259,VEM3581,529.02,513.04
Baldor,sqone,25260,VEM3581T,529.02,513.04
Baldor,sqone,25261,VEM3581T-5,529.02,513.04
Baldor,sqone,25263,CM7006A,512.63,497.14
Baldor,sqone,25265,BM3538,526.84,510.92
Baldor,sqone,25266,CM7013,511.53,496.08
Baldor,sqone,25268,VM7006-5,511.53,496.08
Baldor,sqone,25269,VM7006A,511.53,496.08
Baldor,sqone,25275,VP3436-14,544.33,527.88
Baldor,sqone,25276,VP3436D,544.33,527.88
Baldor,sqone,25277,VP3458D,544.33,527.88
Baldor,sqone,25280,L1408T-50,510.44,495.02
Baldor,sqone,25281,L3606T,510.44,495.02
Baldor,sqone,25285,VM7013,506.62,491.31
Baldor,sqone,25287,VL1408T,506.62,491.31
Baldor,sqone,25290,VL3508,506.07,490.78
Baldor,sqone,25295,CL5007A,504.98,489.72
Baldor,sqone,25306,EM3584T,517.55,501.91
Baldor,sqone,25307,M1520T,503.34,488.13
Baldor,sqone,25308,M1720T,503.34,488.13
Baldor,temco,24185,M2505,1141.12,1100.38
Baldor,sqone,25310,VL5007A,502.79,487.60
Baldor,sqone,25312,JM7013,501.70,486.54
Baldor,sqone,25315,VL1406T,500.60,485.48
Baldor,sqone,25316,CL5004A-50,498.42,483.36
Baldor,sqone,25321,VM3610,549.79,488.40
Baldor,sqone,25322,CL5001A-50,497.87,482.83
Baldor,sqone,25323,KBL3406,513.17,497.67
Baldor,sqone,25325,M1719,496.78,481.77
Baldor,sqone,25326,VP3416-14,454.70,440.96
Baldor,sqone,25331,L3508,495.69,480.71
Baldor,sqone,25332,M7014,495.69,480.71
Baldor,sqone,25333,M7014-5,495.69,480.71
Baldor,sqone,25337,VM3606,544.33,527.88
Baldor,sqone,25338,VBM3108,507.71,492.37
Baldor,sqone,25340,EWDM3546T,506.62,491.31
Baldor,sqone,25343,ECP83580T-4,570.01,552.79
Baldor,walkeremd,23689,M2523,1801.85,1140.89
Baldor,sqone,25352,BL3517,503.34,488.13
Baldor,sqone,25353,CM7009A,489.13,474.35
Baldor,sqone,25354,CSWDM3554,488.58,473.82
Baldor,sqone,25355,CSWDM3554T,488.58,473.82
Baldor,sqone,25356,CWAM3554T,488.58,473.82
Baldor,sqone,25358,M3710T-8,501.15,486.01
Baldor,sqone,25365,L3508T,488.03,473.29
Baldor,sqone,25368,EM3581T,498.97,483.89
Baldor,sqone,25369,VM7002A,486.40,471.70
Baldor,sqone,25370,VM7009A,486.40,471.70
Baldor,sqone,25371,VSWDM3554,486.40,471.70
Baldor,sqone,25372,VWAM3554,486.40,471.70
Baldor,sqone,25374,VSWDM3554T,486.40,471.70
Baldor,sqone,25375,VWAM3554T,486.40,471.70
Baldor,sqone,25381,VM8004,483.12,468.52
Baldor,sqone,25387,L1430T,482.57,467.99
Baldor,sqone,25388,BM3108,496.23,481.24
Baldor,sqone,25390,M1519,482.02,467.46
Baldor,sqone,25391,PCL3519M,482.02,467.46
Baldor,sqone,25395,M3601,468.36,454.21
Baldor,sqone,25396,L5007A,480.38,465.87
Baldor,sqone,25397,M1020T,480.38,465.87
Baldor,sqone,25398,M1220T,480.38,465.87
Baldor,sqone,25400,KBM3458,483.66,469.05
Baldor,sqone,25410,M7013,474.92,460.57
Baldor,sqone,25411,M7013-5,474.92,460.57
Baldor,sqone,25414,VM8003T,512.08,496.61
Baldor,sqone,25415,CM7005A,473.83,459.51
Baldor,sqone,25417,M3560,471.09,456.86
Baldor,sqone,25418,L1406T,471.09,456.86
Baldor,sqone,25419,BM3569,484.76,470.11
Baldor,sqone,25420,PCL1327M,470.55,456.33
Baldor,sqone,25421,VM7005A,470.55,456.33
Baldor,sqone,25422,VECP3580-4,547.06,530.53
Baldor,sqone,25431,CSWDM3546,466.72,452.62
Baldor,sqone,25432,CWAM3546,466.72,452.62
Baldor,sqone,25433,CSWDM3546T,466.72,452.62
Baldor,sqone,25434,CWAM3546T,466.72,452.62
Baldor,sqone,25435,VM3603,512.08,496.61
Baldor,sqone,25436,CWAM3545,465.08,451.03
Baldor,sqone,25439,M3219T-8,477.10,462.69
Baldor,sqone,25440,VM8004T,502.24,487.07
Baldor,sqone,25446,BL3516,477.65,463.22
Baldor,sqone,25448,VSWDM3546,463.99,449.97
Baldor,sqone,25449,VWAM3546,463.99,449.97
Baldor,sqone,25451,VSWDM3546T,463.99,449.97
Baldor,sqone,25452,VWAM3546T,463.99,449.97
Baldor,sqone,25466,FM3311T-8,473.28,458.98
Baldor,sqone,25467,M3311T-8,473.28,458.98
Baldor,sqone,25471,VL1308,460.71,446.79
Baldor,sqone,25474,VM3611,584.22,392.48
Baldor,sqone,25477,PCL1326M,459.62,445.73
Baldor,sqone,25478,PL3519M,459.62,445.73
Baldor,sqone,25480,UCME345,467.81,425.92
Baldor,sqone,25481,VEM3556,470.55,456.33
Baldor,sqone,25488,VM8003,453.06,439.37
Baldor,sqone,25489,AFL3524A,453.06,439.37
Baldor,sqone,25490,M1555T,453.06,439.37
Baldor,sqone,25491,M1755T,453.06,439.37
Baldor,sqone,25492,CL5004A,452.51,438.84
Baldor,sqone,25494,M7010-5,452.51,438.84
Baldor,sqone,25495,M7010A,452.51,438.84
Baldor,walkeremd,23951,M2510,1377.76,300.96
Baldor,sqone,25504,VP3426-14,481.48,466.93
Baldor,sqone,25505,VP3439D,481.48,466.93
Baldor,sqone,25509,EM3207T,465.08,451.03
Baldor,sqone,25510,CWDM3539,451.42,437.78
Baldor,walkeremd,23961,M7030,1370.65,279.90
Baldor,sqone,25511,VL5004A,451.42,437.78
Baldor,sqone,25513,CSWDM3542,450.87,437.25
Baldor,sqone,25514,CWAM3542,450.87,437.25
Baldor,sqone,25516,KBM3454,455.24,441.49
Baldor,temco,24534,M3618T,783.70,770.06
Baldor,sqone,25517,M3160,450.87,437.25
Baldor,sqone,25518,M7009A,450.87,437.25
Baldor,sqone,25521,L1308,450.33,436.72
Baldor,sqone,25522,M3211,437.76,341.44
Baldor,sqone,25524,CWDM3554T,449.78,436.19
Baldor,sqone,25525,CWDM3554T-5,449.78,436.19
Baldor,sqone,25530,M1718,449.23,435.66
Baldor,sqone,25534,EM3556,459.62,445.73
Baldor,sqone,25535,PL1327M,447.05,433.54
Baldor,sqone,25536,VSWDM3542,447.05,433.54
Baldor,sqone,25537,VWAM3542,447.05,433.54
Baldor,sqone,25540,M1019,445.95,432.48
Baldor,sqone,25541,M1219,445.95,432.48
Baldor,sqone,25552,M3606,432.84,419.76
Baldor,sqone,25553,VWDM3554T,445.41,431.95
Baldor,sqone,25554,M8003,444.86,431.42
Baldor,sqone,25555,L1408T,444.86,431.42
Baldor,sqone,25556,L3565M,451.97,438.31
Baldor,sqone,25565,ECP3580T-4,519.19,503.50
Baldor,sqone,25576,VL3505,439.94,426.65
Baldor,sqone,25584,UCME3145,437.76,409.20
Baldor,sqone,25585,CWDM3554,437.21,424.00
Baldor,sqone,25599,M3603,424.64,411.81
Baldor,sqone,25601,CDP3430-V12,464.53,450.50
Baldor,sqone,25602,VP3428D,464.53,450.50
Baldor,sqone,25604,M1554T,436.12,422.94
Baldor,sqone,25605,M1754T,436.12,422.94
Baldor,sqone,25614,CDP3440-V24,461.80,447.85
Baldor,sqone,25616,VWDM3554,434.48,421.35
Baldor,sqone,25618,PL1326M,433.93,420.82
Baldor,sqone,25621,M7005A,432.84,419.76
Baldor,sqone,25623,M1005T,431.74,418.70
Baldor,sqone,25624,M1205T,431.74,418.70
Baldor,sqone,25625,CFM3166A,429.01,416.05
Baldor,sqone,25626,L3505,428.47,415.52
Baldor,sqone,25627,L4009A,428.47,415.52
Baldor,sqone,25632,CWDM3546T,427.37,414.46
Baldor,sqone,25635,M1218,424.64,411.81
Baldor,sqone,25639,VWDM3546T,424.09,411.28
Baldor,walkeremd,24185,M2505,1141.12,290.70
Baldor,sqone,25645,VL1323A,422.45,409.69
Baldor,sqone,25656,CDP3420-V12,448.14,434.60
Baldor,sqone,25657,CHC3526A,421.36,408.63
Baldor,sqone,25659,VM8002,421.36,408.63
Baldor,sqone,25660,VP3326D,448.14,434.60
Baldor,sqone,25663,M3536,419.72,407.04
Baldor,sqone,25673,M3611,475.47,385.44
Baldor,sqone,25674,M3206,405.51,393.26
Baldor,temco,24785,CL1430TM,666.26,608.45
Baldor,sqone,25676,M3567,424.09,411.28
Baldor,sqone,25679,CWDM3546,415.35,402.80
Baldor,sqone,25680,CWDM3546-5,415.35,402.80
Baldor,sqone,25681,VM8012,415.35,402.80
Baldor,sqone,25682,M1004T,415.35,402.80
Baldor,sqone,25683,M1204T,415.35,402.80
Baldor,sqone,25684,WDM3554T,415.35,402.80
Baldor,sqone,25689,UCME153,414.26,365.20
Baldor,sqone,25696,CFDL3507M,412.62,400.15
Baldor,sqone,25697,VWDM3546,412.62,400.15
Baldor,sqone,25700,VL1305,410.98,398.56
Baldor,sqone,25707,CWDM3545,409.34,396.97
Baldor,sqone,25709,L5004A,408.79,396.44
Baldor,sqone,25711,VL5001A,408.79,396.44
Baldor,sqone,25714,M8002,406.60,394.32
Baldor,sqone,25726,CHC3528A,403.33,391.14
Baldor,walkeremd,24329,L3606,936.17,696.85
Baldor,sqone,25734,CDP3420-V24,427.37,414.46
Baldor,sqone,25742,VP3411-14,426.83,413.93
Baldor,sqone,25745,JL1323A,400.05,387.96
Baldor,sqone,25746,L1305,400.05,387.96
Baldor,sqone,25748,M3203,389.66,377.89
Baldor,sqone,25749,IM3540A,398.41,386.37
Baldor,sqone,25750,VFDL3507M,398.41,386.37
Baldor,walkeremd,24406,L3607,868.95,814.67
Baldor,sqone,25759,CL5003A,396.77,384.78
Baldor,temco,24995,CM7014-50,593.73,580.55
Baldor,sqone,25762,M3566,404.42,392.20
Baldor,sqone,25770,CFM3156A,394.58,382.66
Baldor,sqone,25772,CWDL3507,394.03,382.13
Baldor,sqone,25774,VL5003A,394.03,382.13
Baldor,sqone,25778,M6007A,392.94,381.07
Baldor,sqone,25779,M7006-5,392.94,381.07
Baldor,sqone,25780,M7006A,392.94,381.07
Baldor,sqone,25786,VM3557,394.58,382.66
Baldor,sqone,25787,EM3554T-8,413.16,400.68
Baldor,sqone,25788,VM3557T,423.55,410.75
Baldor,sqone,25792,AOM3607T,391.30,379.48
Baldor,sqone,25794,CSWDM3538,390.76,378.95
Baldor,sqone,25795,CWAM3538,390.76,378.95
Baldor,sqone,25802,L4006A,389.66,377.89
Baldor,sqone,25808,CWDM3542,387.48,375.77
Baldor,sqone,25809,CWDM3542-5,387.48,375.77
Baldor,sqone,25812,M3159,386.93,375.24
Baldor,sqone,25820,VSWDM3538,386.38,374.71
Baldor,sqone,25822,EM3156T,397.31,385.31
Baldor,sqone,25827,M3532,385.29,373.65
Baldor,sqone,25828,VWDM3542,385.29,373.65
Baldor,sqone,25832,CDP3410-V12,408.24,395.91
Baldor,sqone,25848,M3557,381.47,369.94
Baldor,sqone,25851,VWDL3507,381.47,369.94
Baldor,sqone,25857,WDM3546T,380.37,368.88
Baldor,sqone,25861,M3565,385.29,373.65
Baldor,sqone,25864,JL5003A,377.64,366.23
Baldor,sqone,25865,M7002A,377.64,366.23
Baldor,sqone,25866,EM3546T-8,397.31,385.31
Baldor,sqone,25872,VP3316D,400.59,388.49
Baldor,sqone,25883,VM3556T,405.51,393.26
Baldor,sqone,25887,VM3159T,404.97,392.73
Baldor,sqone,25888,ANFL3507M,373.27,319.06
Baldor,sqone,25889,L3576M,380.37,368.88
Baldor,sqone,25897,L5001A,371.08,359.87
Baldor,sqone,25903,EFM3157T-8,390.21,330.88
Baldor,sqone,25924,CDP3410-V24,386.93,375.24
Baldor,walkeremd,24703,M3704,688.06,602.85
Baldor,sqone,25939,WDM3542,362.88,351.92
Baldor,sqone,25945,M3564,366.71,355.63
Baldor,sqone,25958,CWDM3538,357.42,346.62
Baldor,sqone,25959,CWDM3538-5,357.42,346.62
Baldor,sqone,25969,VP3311D,379.83,368.35
Baldor,sqone,25976,VWDM3538,354.69,343.97
Baldor,sqone,25979,VJMM3554T-5,383.10,371.53
Baldor,sqone,25985,CFDL3504M,354.14,343.44
Baldor,sqone,25986,EL3507,363.98,352.98
Baldor,sqone,25996,IR3507M,351.95,341.32
Baldor,sqone,25997,L5003A,351.95,341.32
Baldor,sqone,25999,VEM3545,362.34,351.39
Baldor,sqone,26002,RL1307A277,349.22,338.67
Baldor,sqone,26006,JMM3554T-5,377.09,365.70
Baldor,sqone,26012,CM3556,346.49,336.02
Baldor,sqone,26019,CFM3146A,345.94,335.49
Baldor,sqone,26021,CWDM3541,345.94,335.49
Baldor,sqone,26023,EFM3154T,354.69,343.97
Baldor,sqone,26026,EM3154T-8,363.43,352.45
Baldor,sqone,26028,RM3155,344.30,245.52
Baldor,sqone,26029,VL3507-50,344.30,333.90
Baldor,sqone,26034,VM3556,345.40,334.96
Baldor,sqone,26038,VM3156T,371.63,360.40
Baldor,sqone,26049,AOM3556T,342.12,331.78
Baldor,sqone,26052,VFDL3504M,341.57,331.25
Baldor,sqone,26056,CM3543,341.02,330.72
Baldor,sqone,26057,CHC3525A,340.48,330.19
Baldor,sqone,26058,EM3545,350.31,339.73
Baldor,sqone,26061,M3156,340.48,330.19
Baldor,walkeremd,24955,M3307,594.06,547.08
Baldor,sqone,26063,WDM3538,339.38,329.13
Baldor,sqone,26068,CWDL3504,338.84,328.60
Baldor,sqone,26071,VM3543,338.84,328.60
Baldor,sqone,26074,VJMM3546T-5,366.16,222.07
Baldor,sqone,26075,VM3543T,338.84,328.60
Baldor,sqone,26079,MVM3545C,338.29,328.07
Baldor,sqone,26082,CFM3046A,335.56,325.42
Baldor,sqone,26083,CM3539,334.47,324.36
Baldor,sqone,26085,VM8001,334.47,324.36
Baldor,sqone,26091,M3556,332.28,322.24
Baldor,sqone,26095,JMM3546T-5,359.06,348.21
Baldor,sqone,26098,CJL3507A,331.73,321.71
Baldor,sqone,26100,VM3153,331.19,321.18
Baldor,sqone,26101,VM3539,331.19,321.18
Baldor,sqone,26102,VM3153T,331.19,321.18
Baldor,sqone,26104,CWDM3537,330.09,320.12
Baldor,sqone,26105,EFM3116T,339.38,329.13
Baldor,sqone,26108,EM3116T-8,348.13,337.61
Baldor,sqone,26119,CJL1307A,327.36,317.47
Baldor,sqone,26123,L3507A,326.81,316.94
Baldor,sqone,26124,M3543,326.81,316.94
Baldor,sqone,26128,M3543T,326.81,316.94
Baldor,sqone,26129,M3543T-5,326.81,316.94
Baldor,sqone,26143,VWDL3504,324.63,314.82
Baldor,sqone,26145,EL1307,332.28,322.24
Baldor,sqone,26150,ANFL3504M,320.26,273.48
Baldor,sqone,26151,CFM3136A,320.26,310.58
Baldor,sqone,26153,M3153,320.26,310.58
Baldor,sqone,26154,M3539,320.26,310.58
Baldor,sqone,26155,M3539-5,320.26,310.58
Baldor,sqone,26156,M8001,320.26,310.58
Baldor,sqone,26159,M3153T,320.26,310.58
Baldor,sqone,26163,JM3154,318.07,308.46
Baldor,sqone,26169,RM3154A,316.98,307.40
Baldor,sqone,26172,FDL3507M,315.88,306.34
Baldor,sqone,26178,VM3550T-5,340.48,295.68
Baldor,sqone,26183,M6002A,314.24,304.75
Baldor,sqone,26185,L3507M,312.60,303.16
Baldor,sqone,26193,CFM3036A,309.33,299.98
Baldor,walkeremd,25162,M3210,529.02,485.55
Baldor,sqone,26196,CFDL3501M,308.78,299.45
Baldor,sqone,26197,JM3554,308.78,299.45
Baldor,sqone,26198,L3507-50,308.78,299.45
Baldor,sqone,26199,VM3535,308.78,299.45
Baldor,sqone,26203,M3116A,308.23,298.92
Baldor,sqone,26205,VM3109,308.23,298.92
Baldor,sqone,26208,M3154A,307.69,298.39
Baldor,sqone,26209,RM3154,307.69,298.39
Baldor,walkeremd,25223,M3607,578.76,448.69
Baldor,sqone,26229,L3407,302.22,293.09
Baldor,sqone,26230,L3502,302.22,293.09
Baldor,sqone,26231,L4003A,302.22,293.09
Baldor,sqone,26245,VL1307A,299.49,290.44
Baldor,sqone,26246,VM3545-50,299.35,261.82
Baldor,sqone,26249,RM3116A,298.40,289.38
Baldor,sqone,26253,NM3554T,298.40,289.38
Baldor,sqone,26254,M3535,297.30,288.32
Baldor,sqone,26255,VFDL3501M,297.30,288.32
Baldor,sqone,26257,CHC3417A,296.76,287.79
Baldor,sqone,26258,M3109,296.76,287.79
Baldor,sqone,26265,L1307M,295.66,286.73
Baldor,sqone,26273,JL3507A,294.57,285.67
Baldor,sqone,26289,EM3115,299.49,290.44
Baldor,sqone,26293,RL1307A,290.74,281.96
Baldor,sqone,26294,VL3504-50,290.74,281.96
Baldor,sqone,26297,EL3504,298.94,289.91
Baldor,sqone,26300,CL3507,289.10,280.37
Baldor,sqone,26301,L1307-50,289.10,280.37
Baldor,sqone,26308,L1307A,288.56,279.84
Baldor,sqone,26309,L3500,288.56,279.84
Baldor,sqone,26318,RM3112A,286.37,277.72
Baldor,sqone,26321,NM3546T,285.83,277.19
Baldor,sqone,26324,ANFL3501M,285.28,276.66
Baldor,sqone,26340,CM3554,283.09,274.54
Baldor,sqone,26341,CM3554-5,283.09,274.54
Baldor,sqone,26344,AOM3554T,281.45,272.95
Baldor,sqone,26348,JM3546,280.91,272.42
Baldor,sqone,26364,VM3542-50,279.51,182.40
Baldor,sqone,26372,M3011,279.27,270.83
Baldor,sqone,26376,M3154T-8,285.28,276.66
Baldor,sqone,26380,M3112A,277.08,268.71
Baldor,sqone,26382,CJM3542,274.90,266.59
Baldor,sqone,26383,L3404,274.90,266.59
Baldor,sqone,26385,VM3531,274.90,266.59
Baldor,sqone,26389,CJL3504A,272.16,263.94
Baldor,sqone,26390,CM3545,272.16,263.94
Baldor,sqone,26391,VL3507,272.16,263.94
Baldor,sqone,26397,JM3545,271.07,262.88
Baldor,sqone,26398,RHM3112A,271.07,176.70
Baldor,sqone,26403,L3504A,270.52,262.35
Baldor,sqone,26404,AOM3546T,270.52,262.35
Baldor,sqone,26408,KL3401,269.98,261.82
Baldor,walkeremd,25474,VM3611,584.22,527.03
Baldor,sqone,26409,M3105,269.98,261.82
Baldor,sqone,26411,VM3545,269.98,261.82
Baldor,sqone,26412,VM3545-5,269.98,261.82
Baldor,sqone,26416,M3554T-8,274.90,266.59
Baldor,sqone,26419,FDL3504M,267.79,259.70
Baldor,sqone,26420,L4005A,267.79,259.70
Baldor,sqone,26421,RM3111A,267.74,174.99
Baldor,sqone,26423,HM3112A,267.12,174.42
Baldor,sqone,26424,JM3116,267.24,259.17
Baldor,sqone,26425,M3455,267.24,259.17
Baldor,sqone,26427,RM3116,267.24,259.17
Baldor,sqone,26432,CHC3524A,266.15,258.11
Baldor,sqone,26433,CHL3523A,266.15,258.11
Baldor,sqone,26434,L1207,266.15,258.11
Baldor,sqone,26435,L1302,266.15,258.11
Baldor,sqone,26436,L3409M,266.15,258.11
Baldor,sqone,26437,L3504M,266.15,258.11
Baldor,sqone,26438,PSC3524A,266.15,258.11
Baldor,sqone,26439,RM3108A,266.15,258.11
Baldor,sqone,26440,JM3542,264.51,256.52
Baldor,sqone,26441,M3531,264.51,256.52
Baldor,sqone,26447,CL1307,262.87,254.93
Baldor,sqone,26449,EL1304,269.98,261.82
Baldor,sqone,26450,M3464,262.33,254.40
Baldor,sqone,26452,M3546T-8,269.43,261.29
Baldor,sqone,26455,CM3546-5,260.14,252.28
Baldor,sqone,26461,L3507,260.69,252.81
Baldor,sqone,26462,M3542-50,260.30,169.86
Baldor,sqone,26463,VM3538-50,260.69,169.86
Baldor,sqone,26464,AOM3542,260.14,252.28
Baldor,sqone,26466,CM3546,260.14,252.28
Baldor,sqone,26467,L3409-50,260.14,252.28
Baldor,sqone,26468,L3504-50,260.14,252.28
Baldor,sqone,26472,CJM3538,259.59,251.75
Baldor,sqone,26473,L1300,259.59,251.75
Baldor,sqone,26474,L1209-50,257.95,250.16
Baldor,sqone,26475,L3401,257.95,250.16
Baldor,sqone,26476,M3004,257.95,250.16
Baldor,sqone,26477,M3101,257.95,250.16
Baldor,sqone,26478,M3545,257.95,250.16
Baldor,sqone,26482,CHC3414A,257.41,249.63
Baldor,sqone,26487,VL1307,256.86,249.10
Baldor,sqone,26490,M3108A,253.58,245.92
Baldor,sqone,26491,RHM3111A,253.58,165.30
Baldor,sqone,26492,RL1304A277,253.58,245.92
Baldor,walkeremd,25600,VM3615,667.29,568.39
Baldor,sqone,26498,M3008,252.49,244.86
Baldor,sqone,26500,RM3112,252.49,244.86
Baldor,walkeremd,25609,L3514A,435.57,425.51
Baldor,sqone,26502,VM3541-50,252.49,164.73
Baldor,sqone,26508,RHM3108A,251.94,164.16
Baldor,sqone,26509,CJM3112,250.85,243.27
Baldor,sqone,26515,VL3501-50,250.85,197.16
Baldor,sqone,26518,L1204,249.21,241.68
Baldor,sqone,26520,L1209M,248.66,241.15
Baldor,sqone,26521,L1304M,248.66,241.15
Baldor,sqone,26522,NM3542,248.66,241.15
Baldor,sqone,26531,EL3501,253.58,245.92
Baldor,sqone,26532,MM3546,246.48,239.03
Baldor,sqone,26535,AP7401,260.57,256.52
Baldor,sqone,26536,AP7402,260.57,256.52
Baldor,sqone,26537,AP7421,260.57,256.52
Baldor,sqone,26538,AP7422,260.57,256.52
Baldor,sqone,26539,L1307,245.93,238.50
Baldor,sqone,26541,CJM3115,244.84,237.44
Baldor,sqone,26542,JM3461,244.84,237.44
Baldor,sqone,26545,JM3112,243.74,236.38
Baldor,sqone,26546,JM3115,243.74,236.38
Baldor,sqone,26547,M3538-50,243.74,159.03
Baldor,sqone,26548,M3541-50,243.57,159.03
Baldor,sqone,26550,RL1301A277,243.74,236.38
Baldor,sqone,26551,RM3115,243.74,236.38
Baldor,sqone,26552,VM3115,243.74,236.38
Baldor,sqone,26555,HM3108A,242.65,158.46
Baldor,sqone,26556,M3461,242.65,235.32
Baldor,sqone,26557,PSC3416A,242.65,235.32
Baldor,sqone,26558,VNM3538,242.65,235.32
Baldor,sqone,26560,CL3504,242.10,234.79
Baldor,walkeremd,25673,M3611,475.47,401.07
Baldor,sqone,26561,JSM3115,242.10,234.79
Baldor,sqone,26562,VM3537-50,241.71,157.89
Baldor,sqone,26563,AOM3538,241.56,234.26
Baldor,sqone,26566,AFM3529,239.92,232.67
Baldor,sqone,26567,M3452,239.92,232.67
Baldor,sqone,26568,RHM3112,239.92,156.75
Baldor,sqone,26569,M3013,238.83,231.61
Baldor,sqone,26570,M3112-50,238.62,155.61
Baldor,sqone,26577,VL3504,237.73,230.55
Baldor,sqone,26580,CHC3416A,237.19,230.02
Baldor,sqone,26581,L1304A,237.19,230.02
Baldor,sqone,26582,MM3542,237.19,230.02
Baldor,sqone,26583,RL1304A,237.19,230.02
Baldor,sqone,26584,M3116T-8,242.65,235.32
Baldor,sqone,26593,CJM3108,233.91,226.84
Baldor,sqone,26594,CM3541,233.91,226.84
Baldor,sqone,26595,L1304-50,233.91,226.84
Baldor,sqone,26596,MM3545,233.91,226.84
Baldor,sqone,26597,RL1324A,233.91,226.84
Baldor,sqone,26600,L1201,233.36,226.31
Baldor,sqone,26602,M3115,232.81,225.78
Baldor,sqone,26603,M3355,232.81,225.78
Baldor,sqone,26607,CJL3501A,231.17,224.19
Baldor,sqone,26609,NM3538,231.17,224.19
Baldor,sqone,26611,RM3111,230.63,223.66
Baldor,sqone,26612,VM3541,230.63,223.66
Baldor,sqone,26613,VM3541-5,230.63,223.66
Baldor,sqone,26616,CL1304,229.53,222.60
Baldor,sqone,26617,EL1301,235.55,228.43
Baldor,sqone,26623,FDL3501M,228.44,221.54
Baldor,sqone,26624,L3501-50,228.44,221.54
Baldor,sqone,26628,CM3112,227.35,220.48
Baldor,sqone,26629,JM3463,227.35,220.48
Baldor,sqone,26630,RM3108,227.35,220.48
Baldor,sqone,26631,VL3503-50,227.35,220.48
Baldor,sqone,26634,L3406M,226.26,219.42
Baldor,sqone,26635,L3501M,226.26,219.42
Baldor,sqone,26636,L3504,226.26,219.42
Baldor,sqone,26647,L1209,224.07,217.30
Baldor,sqone,26653,EL3403,229.53,222.60
Baldor,sqone,26654,L3503-50,223.52,216.77
Baldor,sqone,26656,VM3534-50,222.50,216.24
Baldor,sqone,26657,L3409,221.34,214.65
Baldor,sqone,26658,MM3461,221.34,214.65
Baldor,sqone,26660,AFM3528,220.79,214.12
Baldor,sqone,26661,JM3108,220.79,214.12
Baldor,sqone,26663,RM3010,220.79,214.12
Baldor,sqone,26665,M3463,220.24,213.59
Baldor,sqone,26666,M3541,220.24,213.59
Baldor,sqone,26667,M3541-5,220.24,213.59
Baldor,sqone,26670,CJM3111,219.15,212.53
Baldor,sqone,26671,JM3111,219.15,212.53
Baldor,sqone,26680,JSM3111,218.60,212.00
Baldor,sqone,26683,PSC3413A,218.60,212.00
Baldor,sqone,26686,CHC3413A,218.06,211.47
Baldor,sqone,26689,RHM3108,217.53,141.93
Baldor,sqone,26691,RL1323A,215.87,209.35
Baldor,sqone,26693,L3403M,215.33,208.82
Baldor,sqone,26694,M3010,214.78,208.29
Baldor,sqone,26695,M3108-50,214.78,140.22
Baldor,sqone,26697,CM3537,214.23,207.76
Baldor,sqone,26701,JL3501A,213.69,207.23
Baldor,sqone,26702,MPM3458,213.69,207.23
Baldor,sqone,26703,L1301M,210.95,204.58
Baldor,sqone,26706,VM3537,210.95,204.58
Baldor,sqone,26707,VM3537-5,210.95,204.58
Baldor,sqone,26710,KNM3534,210.41,204.05
Baldor,sqone,26712,VL1304,210.41,204.05
Baldor,sqone,26715,CJM3104,209.31,202.99
Baldor,sqone,26716,HM3112,208.86,136.23
Baldor,sqone,26719,CL3503,207.67,201.40
Baldor,sqone,26720,FM3112-8,212.59,206.17
Baldor,sqone,26721,JM3458,207.67,201.40
Baldor,sqone,26722,JM3460,207.67,201.40
Baldor,sqone,26727,CL3501,207.13,200.87
Baldor,sqone,26729,M3458,207.13,200.87
Baldor,sqone,26730,MVM5550D,242.10,234.79
Baldor,sqone,26737,MM5600,247.02,217.36
Baldor,sqone,26738,MM5600-5,247.02,240.24
Baldor,sqone,26739,AOM3458,205.49,199.28
Baldor,sqone,26740,L1206-50,205.49,199.28
Baldor,sqone,26741,M3012,205.49,199.28
Baldor,sqone,26742,M3353,205.49,199.28
Baldor,sqone,26743,VL3503,205.49,199.28
Baldor,sqone,26746,VL3501,203.30,197.16
Baldor,sqone,26751,CL1301,201.66,195.57
Baldor,sqone,26752,CM3108,201.66,195.57
Baldor,sqone,26753,M3111,201.12,195.04
Baldor,sqone,26759,L1206M,200.57,194.51
Baldor,sqone,26761,M3460,200.02,193.98
Baldor,sqone,26762,M3537,200.02,193.98
Baldor,sqone,26763,M3537-5,200.02,193.98
Baldor,sqone,26764,RM3104,200.02,193.98
Baldor,sqone,26768,KL3403,198.38,192.39
Baldor,sqone,26769,L1304,199.48,193.45
Baldor,sqone,26770,L3406,199.48,193.45
Baldor,sqone,26771,NM3534,199.48,193.45
Baldor,sqone,26779,MM3463,197.84,191.86
Baldor,sqone,26783,KM3454-50,197.08,128.82
Baldor,sqone,26787,L3408,193.47,187.62
Baldor,sqone,26788,L3503,193.47,187.62
Baldor,sqone,26791,EL1203,199.48,193.45
Baldor,sqone,26792,KL3400,192.92,187.09
Baldor,sqone,26793,L3501,192.92,187.09
Baldor,sqone,26797,CJM3107,191.83,186.03
Baldor,sqone,26798,JM3457,191.83,186.03
Baldor,sqone,26800,VL1301,191.28,185.50
Baldor,sqone,26805,KNM3454,190.19,184.44
Baldor,sqone,26807,HM3108,189.03,123.69
Baldor,sqone,26812,L3403,188.00,182.32
Baldor,sqone,26818,CNM20252,186.28,183.38
Baldor,sqone,26819,MM3458,187.45,181.79
Baldor,sqone,26820,MM5550,224.62,217.83
Baldor,sqone,26821,MM5550-5,224.62,217.83
Baldor,sqone,26828,CM3107,185.81,180.20
Baldor,sqone,26829,L1208-50,185.81,180.20
Baldor,sqone,26830,L3356,185.81,180.20
Baldor,sqone,26831,JM3107,184.72,179.14
Baldor,sqone,26832,JSM3107,184.72,179.14
Baldor,sqone,26833,MM5500,214.23,207.76
Baldor,sqone,26834,MM5500-5,214.23,207.76
Baldor,sqone,26837,VL1303A,184.17,178.61
Baldor,sqone,26841,KM3457,183.63,178.08
Baldor,sqone,26842,L3355,183.63,178.08
Baldor,sqone,26846,KL3405,183.08,177.55
Baldor,sqone,26847,L3400,183.08,177.55
Baldor,sqone,26848,VM3107,183.08,172.48
Baldor,sqone,26851,CNM20134,181.43,178.61
Baldor,sqone,26860,KM3454,179.80,174.37
Baldor,sqone,26861,L1301,179.80,174.37
Baldor,sqone,26862,CL1303,178.71,173.31
Baldor,sqone,26863,MM3460,178.71,173.31
Baldor,sqone,26865,CM3104,178.16,172.78
Baldor,sqone,26866,L1203M,178.16,172.78
Baldor,sqone,26867,L1206,178.16,172.78
Baldor,sqone,26868,NM3454,178.16,172.78
Baldor,sqone,26878,AP233001,186.28,183.38
Baldor,sqone,26879,AP233021,186.28,183.38
Baldor,sqone,26880,RM3007,175.43,170.13
Baldor,sqone,26881,RM3009,175.43,170.13
Baldor,sqone,26890,KM3006,173.79,168.54
Baldor,sqone,26891,L3354,173.79,168.54
Baldor,sqone,26892,RM3003,173.79,168.54
Baldor,sqone,26893,VL1303,173.79,168.54
Baldor,sqone,26896,MM5450,206.58,200.34
Baldor,sqone,26897,MM5450-5,206.58,200.34
Baldor,sqone,26898,JL3405A,171.06,165.89
Baldor,sqone,26899,L3405,171.06,165.89
Baldor,sqone,26901,M3009,171.06,165.89
Baldor,sqone,26911,KM3003,169.97,164.83
Baldor,sqone,26912,M3454,169.97,164.83
Baldor,sqone,26913,MM3454,169.97,164.83
Baldor,sqone,26916,L1205-50,168.87,163.77
Baldor,sqone,26921,YPC344A,106.38,98.05
Baldor,sqone,26922,CNM20132,167.43,164.83
Baldor,sqone,26923,CJL1205A,168.33,163.24
Baldor,sqone,26924,L3353,168.33,163.24
Baldor,sqone,26932,KL1203,166.14,161.12
Baldor,sqone,26935,RM3006,166.14,161.12
Baldor,sqone,26936,L3352,165.59,160.59
Baldor,sqone,26937,RHM3003,165.59,160.59
Baldor,sqone,26940,JSL325A,205.49,199.28
Baldor,sqone,26947,AP232001,173.36,170.66
Baldor,sqone,26948,KL1200,163.41,158.47
Baldor,sqone,26958,KL1205A,161.77,156.88
Baldor,sqone,26959,L1208,161.77,156.88
Baldor,sqone,26960,L1303,161.77,156.88
Baldor,sqone,26961,L3351,161.77,156.88
Baldor,sqone,26963,MM5400,188.55,182.85
Baldor,sqone,26964,MM5400-5,188.55,182.85
Baldor,sqone,26971,M3003,159.58,154.76
Baldor,sqone,26972,MM5350,184.72,179.14
Baldor,sqone,26973,MM5350-5,184.72,179.14
Baldor,sqone,26978,KL1205,158.49,153.70
Baldor,sqone,26979,MM3457,158.49,153.70
Baldor,sqone,26980,MM5300,167.23,162.18
Baldor,sqone,26981,MM5300-5,167.23,162.18
Baldor,sqone,26982,CNL20172,155.05,152.64
Baldor,sqone,26984,L1203,155.21,150.52
Baldor,sqone,26988,L1200,152.48,147.87
Baldor,sqone,26989,MM5250,163.95,159.00
Baldor,sqone,26990,MM5250-5,163.95,159.00
Baldor,sqone,27001,CNL20134,150.21,147.87
Baldor,sqone,27014,L1205,146.47,142.04
Baldor,sqone,27017,MVM5150C,166.14,161.12
Baldor,sqone,27036,CNL20082,137.83,135.68
Baldor,sqone,27050,MM5150,155.76,151.05
Baldor,sqone,27051,MM5150-5,155.76,151.05
Baldor,sqone,27054,MM5100,148.65,144.16
Baldor,sqone,27055,MM5100-5,148.65,144.16
Baldor,sqone,697203,IDBRPM321504,14445.35,11201.55
Baldor,sqone,697213,IDDRPM18304C,2787.30,2409.38
Baldor,sqone,697224,IDDRPM281256,13132.67,12735.90
Baldor,sqone,697227,IDDRPM282004,13132.67,12735.90
Baldor,sqone,697255,IDVSM2334T,2243.98,2176.18
Baldor,sqone,697267,IDVSM4406T-4,13035.94,12642.09
Baldor,sqone,697275,IDVSNM3534,270.52,262.35
Baldor,sqone,697276,IDVSNM3538,316.43,306.87
Baldor,sqone,697277,IDVSNM3542,352.50,341.85
Baldor,sqone,697286,IDXM7002,650.35,630.70
Baldor,sqone,697302,ZDBRPM321254,12551.73,12172.51
Baldor,sqone,697306,ZDFRPM18104C,3270.59,2863.06
Baldor,sqone,697326,ZDVSCP2333T,3280.29,3102.75
Baldor,sqone,697327,ZDVSCP2334T,3483.62,3282.00
Baldor,sqone,697333,ZDVSCP4104T,4475.22,4128.75
Baldor,sqone,697334,ZDVSCP4110T,5132.71,5122.50
Baldor,sqone,697353,ZDVSM4410T-4,11924.34,11564.07
Baldor,sqone,698184,VS1ST23-0TF,345.19,314.00
Baldor,sqone,698186,VS1ST25-0TF,490.37,416.00
Baldor,sqone,698191,VS1ST41-0F,278.34,263.00
Baldor,sqone,698201,VS1ST45-0TF,447.54,442.00
Baldor,sqone,698212,VS1ST83-0T,345.19,345.00
Baldor,sqone,698213,VS1ST83-0TF,432.92,345.00
Baldor,walkeremd,698002,VS1MD-NM1E,34.47,26.32
Baldor,walkeremd,698314,VS1PF-NM1E,50.11,38.85
Baldor,walkeremd,698325,VS1PF-RKEYN4,188.22,133.48
Baldor,sqone,699065,AOM3535,304.41,295.21
Baldor,sqone,699066,AOM3539,327.91,318.00
Baldor,sqone,699067,AOM3543,337.20,327.01
Baldor,sqone,699068,BM3538-S,630.13,611.09
Baldor,sqone,699069,BM3542-S,654.72,634.94
Baldor,sqone,699070,BM3546-S,678.77,658.26
Baldor,sqone,699073,BNM3542-D,688.06,667.27
Baldor,sqone,699075,BNM3554-D,741.07,718.68
Baldor,sqone,699087,CEM3546,367.26,356.16
Baldor,sqone,699094,CL3405,197.84,191.86
Baldor,sqone,699095,CL5001-I,497.87,482.83
Baldor,sqone,699096,CL5004-I,498.42,483.36
Baldor,sqone,699097,CL5007-I,532.30,516.22
Baldor,sqone,699101,CM7010A,522.47,506.68
Baldor,sqone,699104,CNM3531,363.98,352.98
Baldor,sqone,699105,CNM3538/35,292.93,284.08
Baldor,sqone,699106,CNM3539,357.42,346.62
Baldor,sqone,699107,CNM3542,262.87,254.93
Baldor,sqone,699110,CUHL3518,267.79,259.70
Baldor,sqone,699112,CUHM3538,229.53,222.60
Baldor,sqone,699114,CUHM3546,260.14,252.28
Baldor,sqone,699115,CUHM3554,283.09,274.54
Baldor,sqone,699137,KENM3454,280.36,271.89
Baldor,sqone,699138,KENM3534,309.33,299.98
Baldor,sqone,699139,KENM3535,454.70,440.96
Baldor,sqone,699141,KNM3457/35,295.66,286.73
Baldor,sqone,699142,L5000A-C,359.06,348.21
Baldor,sqone,699143,L5004A-C,479.29,464.81
Baldor,sqone,699144,L5007A-C,550.88,534.24
Baldor,sqone,699147,M3546/35,285.83,277.19
Baldor,sqone,699151,NM3539,351.95,341.32
Baldor,sqone,699152,NM3546,271.62,263.41
Baldor,sqone,699164,VBM3538-5D,658.55,638.65
Baldor,sqone,699165,VBM3538-5S,625.21,606.32
Baldor,sqone,699166,VBM3538-D,658.55,638.65
Baldor,sqone,699167,VBM3538-S,625.21,606.32
Baldor,sqone,699168,VBM3542-D,683.69,663.03
Baldor,sqone,699169,VBM3542-S,650.35,630.70
Baldor,sqone,699170,VBM3546-5S,680.41,659.85
Baldor,sqone,699172,VBM3546-S,680.41,659.85
Baldor,sqone,699173,VBM3554-D,741.62,719.21
Baldor,sqone,699174,VBM3554-S,705.00,683.70
Baldor,sqone,699178,VBNM3542-D,699.53,678.40
Baldor,sqone,699179,VBNM3546-D,731.23,709.14
Baldor,sqone,699180,VBNM3554-D,756.92,734.05
Baldor,sqone,699182,VEBM3554,974.43,944.99
Baldor,sqone,699185,VEBNM3538,760.74,737.76
Baldor,sqone,699189,VEUHM3538,331.73,321.71
Baldor,sqone,699190,VEUHM3542,352.50,341.85
Baldor,sqone,699191,VEUHM3546,362.88,351.92
Baldor,sqone,699196,VL4005A,304.41,295.21
Baldor,sqone,699197,VL5000A,400.05,387.96
Baldor,sqone,699203,VNM3537,296.76,287.79
Baldor,sqone,699204,VNM3541,316.98,307.40
Baldor,sqone,699205,VNM3546,290.20,281.43
Baldor,sqone,699206,VP3428-14,464.53,450.50
Baldor,sqone,699207,VP3439-14,481.48,466.93
Baldor,sqone,699208,VP3458-14,544.33,527.88
Baldor,sqone,699210,VUHL3518,253.58,245.92
Baldor,sqone,699212,VUHM3538,226.26,219.42
Baldor,sqone,699213,VUHM3538-5,226.26,219.42
Baldor,sqone,699214,VUHM3542,239.92,232.67
Baldor,sqone,699215,VUHM3542-5,239.92,232.67
Baldor,sqone,699216,VUHM3546,256.86,249.10
Baldor,sqone,699217,VUHM3546-5,256.86,249.10
Baldor,sqone,699218,VUHM3554,279.81,271.36
Baldor,sqone,699220,BM3546T-S,678.77,658.26
Baldor,sqone,699221,BM3554T-S,703.91,682.64
Baldor,sqone,699225,BNM3546T-D,771.13,747.83
Baldor,sqone,699226,BNM3554T-D,800.64,776.45
Baldor,sqone,699246,CEM3116T,364.52,353.51
Baldor,sqone,699256,CEM3556T,505.52,490.25
Baldor,sqone,699299,CEUHM3546T,372.17,360.93
Baldor,sqone,699301,CEUHM3554T,392.94,381.07
Baldor,sqone,699326,EBM3116T,733.97,711.79
Baldor,walkeremd,699337,EBM3615T-D,1395.79,1079.75
Baldor,sqone,699485,EM3556T,462.35,448.38
Baldor,sqone,699486,EM3556T-5,462.35,448.38
Baldor,sqone,699562,JMM2506T,879.88,853.30
Baldor,sqone,699563,JMM2511T,1090.29,1057.35
Baldor,sqone,699564,JMM2524T,1422.02,1379.06
Baldor,sqone,699574,M16112-58,1294.70,1256.10
Baldor,sqone,699579,M18194-58,1704.36,1653.07
Baldor,sqone,699663,VBM3546T-5D,771.67,748.36
Baldor,sqone,699665,VBM3546T-S,680.41,659.85
Baldor,sqone,699666,VBM3554T-5D,801.19,776.98
Baldor,sqone,699667,VBM3554T-5S,705.00,683.70
Baldor,sqone,699669,VBM3554T-S,705.00,683.70
Baldor,sqone,699680,VBM3710T-D,1829.72,1774.44
Baldor,sqone,699682,VBNM3546T-D,788.07,764.26
Baldor,sqone,699683,VBNM3554T-D,816.49,791.82
Baldor,sqone,699717,VEM3774T-5,1018.70,987.92
Baldor,sqone,699724,VENM3542,382.56,371.00
Baldor,sqone,699725,VENM3546T,385.84,374.18
Baldor,sqone,699726,VENM3581T,552.52,535.83
Baldor,sqone,699727,VEUHM3546T,369.44,358.28
Baldor,sqone,699730,VEUHM3554T,385.84,374.18
Baldor,sqone,699743,VM3661T,598.00,593.12
Baldor,sqone,699749,VP3468-14,606.63,588.30
Baldor,sqone,699750,VP3588-14,1226.37,1189.32
Baldor,sqone,699756,VUHM3546T-5,277.08,268.71
Baldor,sqone,699758,VUHM3554T-5,302.22,293.09
Baldor,sqone,699845,CM3538-8,258.50,250.69
Baldor,sqone,699912,EM7114T,952.02,765.32
Baldor,sqone,699913,EM7142T,1014.33,904.64
Baldor,sqone,699914,EM7144T,1271.19,1091.20
Baldor,sqone,699915,EM7147T,1506.19,1312.81
Baldor,sqone,700017,D51125RR-BV,35009.05,30166.54
Baldor,sqone,701988,CENCP83580T-4,567.83,550.67
Baldor,sqone,701989,CENCP83581T-4,617.56,598.90
Baldor,sqone,702003,CM7006-I,512.63,497.14
Baldor,sqone,702004,CM7010-I,522.47,506.68
Baldor,sqone,702005,CM7014-I,557.44,540.60
Baldor,sqone,702026,ECP3580T,519.19,503.50
Baldor,sqone,702064,ECP83580T-5,570.01,552.79
Baldor,sqone,702065,ECP83582T-5,671.12,650.84
Baldor,sqone,702075,ECP83771T-5,1370.65,1329.24
Baldor,sqone,702078,ECP84106T-5,2045.05,1983.26
Baldor,sqone,702179,ENCP83580T-4,543.23,526.82
Baldor,sqone,702180,ENCP83581T-4,594.06,576.11
Baldor,sqone,702252,VECP2333T-4,1792.01,1737.87
Baldor,sqone,702259,VECP83584T-4,655.27,635.47
Baldor,sqone,702271,VENCP83580T-4,538.31,522.05
Baldor,sqone,702273,VM7006-I,468.91,454.74
Baldor,sqone,702274,VM7010-I,520.83,505.09
Baldor,sqone,702276,VM7014T-I,590.23,572.40
Baldor,sqone,702277,VM7034-I,589.14,571.34
Baldor,sqone,702278,VM7034T-I,636.14,616.92
Baldor,sqone,702282,VM7047T-I,1243.31,1205.75
Baldor,sqone,702283,VM7170T-I,1508.37,1462.80
Baldor,sqone,702291,VM8541,413.71,401.21
Baldor,sqone,702349,CSSEWDM3555,1014.87,1007.60
Baldor,sqone,702376,VEFWDM3546T,584.77,567.10
Baldor,sqone,702377,VEFWDM3554T,627.40,608.44
Baldor,sqone,702387,VSSFWDM3542,780.42,756.84
Baldor,sqone,702388,VSSFWDM3546,801.19,776.98
Baldor,globalindustrial,21869,GHM31010,588.52,36.10
Baldor,globalindustrial,21870,GHM31020,588.52,33.25
Baldor,globalindustrial,21878,GHM37530,573.09,22.80
Baldor,electricmotorwholesale,22072,GCP24022,413.10,335.00
Baldor,electricmotorwholesale,22281,GF5018AG,288.27,268.00
Baldor,globalindustrial,22589,D50400P-BV,59977.99,57468.00
Baldor,globalindustrial,22606,D50250P,37642.77,34325.00
Baldor,globalindustrial,22610,D50250P-BV,35823.81,34325.00
Baldor,globalindustrial,22615,D50200P,31412.70,28038.00
Baldor,globalindustrial,22633,D50150P-BV,23492.08,22509.00
Baldor,electricmotorwholesale,22589,D50400P-BV,59977.99,57470.00
Baldor,electricmotorwholesale,22610,D50250P-BV,35823.81,34325.00
Baldor,globalindustrial,22639,D50125P,20192.75,19641.00
Baldor,electricmotorwholesale,22627,D50150P,25176.43,22510.00
Baldor,electricmotorwholesale,22633,D50150P-BV,23492.08,22510.00
Baldor,electricmotorwholesale,22635,M44304T-4,20047.54,19945.00
Baldor,globalindustrial,22679,D5075P,13925.85,13345.00
Baldor,electricmotorwholesale,22679,D5075P,13925.85,13345.00
Baldor,electricmotorwholesale,22696,EM2569T-4,12253.42,9809.00
Baldor,globalindustrial,22719,D2050P-BV,12103.06,11598.00
Baldor,globalindustrial,22720,D5050P-BV,12103.06,11598.00
Baldor,electricmotorwholesale,22706,D5060P,13925.85,13345.00
Baldor,electricmotorwholesale,22707,AEM4404-4,13414.92,12721.00
Baldor,electricmotorwholesale,22719,D2050P-BV,12103.06,11600.00
Baldor,globalindustrial,22734,D2525P,11653.86,11168.00
Baldor,electricmotorwholesale,22720,D5050P-BV,12103.06,11600.00
Baldor,globalindustrial,22735,D5525P,11653.86,11168.00
Baldor,globalindustrial,22741,D2040P-BV,12103.06,11598.00
Baldor,globalindustrial,22742,D5040P-BV,12103.06,11598.00
Baldor,electricmotorwholesale,22734,D2525P,11653.86,11167.00
Baldor,electricmotorwholesale,22735,D5525P,11653.86,11167.00
Baldor,electricmotorwholesale,22741,D2040P-BV,12103.06,11600.00
Baldor,electricmotorwholesale,22742,D5040P-BV,12103.06,11600.00
Baldor,electricmotorwholesale,22755,AEM4400-4,10584.20,10187.00
Baldor,globalindustrial,22768,D2520P,11653.86,11168.00
Baldor,globalindustrial,22769,D5520P,11653.86,11168.00
Baldor,electricmotorwholesale,22767,AEM4403-4,9905.76,9413.00
Baldor,electricmotorwholesale,22768,D2520P,11653.86,11167.00
Baldor,electricmotorwholesale,22769,D5520P,11653.86,11167.00
Baldor,electricmotorwholesale,22779,AEM4316-4,9581.36,9194.00
Baldor,electricmotorwholesale,22813,AEM4312-4,8466.13,8068.00
Baldor,electricmotorwholesale,22842,AEM4314-4,7667.13,7353.00
Baldor,electricmotorwholesale,22882,AEM4308-4,7094.96,6767.00
Baldor,electricmotorwholesale,22925,AEM4311-4,6274.50,6052.00
Baldor,electricmotorwholesale,22971,AEM4117-4,5577.67,5331.00
Baldor,electricmotorwholesale,23004,AEM4307-4,5210.36,5033.00
Baldor,electricmotorwholesale,23037,AEM4111-4,4808.82,4603.00
Baldor,electricmotorwholesale,23081,AEM4102-4,4481.86,4293.00
Baldor,electricmotorwholesale,23086,AEM4104-4,4384.79,4233.00
Baldor,electricmotorwholesale,23139,M4104,3476.98,2587.00
Baldor,electricmotorwholesale,23152,AEM4103-4,3881.08,3750.00
Baldor,electricmotorwholesale,23199,AEM4100-4,3572.00,3456.00
Baldor,electricmotorwholesale,23243,M4103,2931.37,2140.00
Baldor,electricmotorwholesale,23258,GDM4104T,2598.79,2100.00
Baldor,electricmotorwholesale,23287,ZDM3774T,2545.15,2400.00
Baldor,electricmotorwholesale,23298,AEM2334-4,3044.78,2970.00
Baldor,electricmotorwholesale,23309,M2531,2646.82,1816.00
Baldor,electricmotorwholesale,23402,M2334,2359.20,1545.00
Baldor,electricmotorwholesale,23411,AEM2332-4,2665.72,2612.00
Baldor,electricmotorwholesale,23452,AEM2333-4,2525.23,2492.00
Baldor,electricmotorwholesale,23480,ECP4103T,2105.16,2010.00
Baldor,electricmotorwholesale,23523,BM3704T,2019.36,1861.00
Baldor,electricmotorwholesale,23531,EBM3710T,2065.81,2006.00
Baldor,electricmotorwholesale,23534,M1726T,1945.03,1775.00
Baldor,electricmotorwholesale,23565,ZDM3587T,1922.08,1650.00
Baldor,electricmotorwholesale,23571,AEM2276-4,2323.77,2143.00
Baldor,electricmotorwholesale,23592,IDM3774T,1873.44,1798.00
Baldor,electricmotorwholesale,23642,M2280T,1726.43,1629.00
Baldor,globalindustrial,23497,CM4103T,1399.62,1274.00
Baldor,electricmotorwholesale,23676,CEM2394T,1704.57,1665.00
Baldor,electricmotorwholesale,23747,AEM2238-4,1944.49,1832.00
Baldor,electricmotorwholesale,23762,ZDNM3581T,1569.58,1300.00
Baldor,globalindustrial,23700,CM4106T,1121.99,1063.00
Baldor,electricmotorwholesale,23803,EBM3615T,1540.62,1334.00
Baldor,electricmotorwholesale,23807,AEM2275-4,1824.26,1708.00
Baldor,electricmotorwholesale,23824,IDM3665T,1450.44,1350.00
Baldor,electricmotorwholesale,23832,VBM3615T,1444.43,1215.00
Baldor,electricmotorwholesale,23912,M2275,1435.14,1378.00
Baldor,electricmotorwholesale,23924,VBM3218T,1427.49,1258.00
Baldor,electricmotorwholesale,23927,AEM2237-4,1607.84,1527.00
Baldor,electricmotorwholesale,23949,IDM3664T,1287.58,1107.00
Baldor,electricmotorwholesale,23983,VEWDM3710T,1253.70,985.00
Baldor,electricmotorwholesale,24069,L3708,1156.97,717.00
Baldor,electricmotorwholesale,24143,VM7073T,1161.88,1058.00
Baldor,electricmotorwholesale,24154,IDNM3661T,1085.37,950.00
Baldor,electricmotorwholesale,24169,AEM3784-4,1314.91,1260.00
Baldor,electricmotorwholesale,24260,FDL3731M,992.47,978.00
Baldor,electricmotorwholesale,24287,AEM3787-4,1198.50,1170.00
Baldor,globalindustrial,24196,D1154,1095.76,63.95
Baldor,electricmotorwholesale,24288,VM7072T,1029.08,900.00
Baldor,electricmotorwholesale,24303,M3713T,830.67,830.00
Baldor,electricmotorwholesale,24312,UCL7510,952.02,820.00
Baldor,electricmotorwholesale,24323,IDM3581T,949.29,850.00
Baldor,electricmotorwholesale,24329,L3606,936.17,527.00
Baldor,electricmotorwholesale,24394,AEM3782-4,1079.91,1028.00
Baldor,globalindustrial,24373,CM3774T,780.34,742.00
Baldor,electricmotorwholesale,24462,VBM3558T,836.16,786.00
Baldor,electricmotorwholesale,24492,BM3558,822.50,810.00
Baldor,electricmotorwholesale,24493,BM3558T,822.50,810.00
Baldor,electricmotorwholesale,24543,BM3554T,802.83,698.00
Baldor,electricmotorwholesale,24569,VM3704,749.81,705.00
Baldor,electricmotorwholesale,24571,AEM3687-4,967.87,922.00
Baldor,globalindustrial,24493,BM3558T,822.50,758.00
Baldor,electricmotorwholesale,24619,VL3609T,746.53,650.00
Baldor,electricmotorwholesale,24639,UCLE570,734.51,725.00
Baldor,electricmotorwholesale,24660,GDM3710T,724.67,620.00
Baldor,electricmotorwholesale,24663,VBM3154T,806.10,784.00
Baldor,electricmotorwholesale,24704,VBM3546,726.86,700.00
Baldor,electricmotorwholesale,24716,VL3605,715.38,653.00
Baldor,electricmotorwholesale,24734,AEM3684-4,874.97,832.00
Baldor,electricmotorwholesale,24743,BM3546,715.38,625.00
Baldor,electricmotorwholesale,24744,BM3546T,715.38,625.00
Baldor,globalindustrial,24621,D1152,793.53,57.95
Baldor,electricmotorwholesale,24824,L3605,663.47,510.00
Baldor,globalindustrial,24692,CM3663T,626.44,575.00
Baldor,electricmotorwholesale,24893,AEM3689-4,792.99,781.00
Baldor,globalindustrial,24729,D1151,742.16,79.36
Baldor,globalindustrial,24743,BM3546,715.38,713.00
Baldor,globalindustrial,24744,BM3546T,715.38,713.00
Baldor,globalindustrial,24785,CL1430TM,666.26,606.00
Baldor,electricmotorwholesale,25003,AEM3686-4,744.35,730.00
Baldor,electricmotorwholesale,25019,UCLE153,589.14,555.00
Baldor,electricmotorwholesale,25054,VM7018T,621.93,598.00
Baldor,electricmotorwholesale,25142,AEM3683-4,693.52,676.00
Baldor,globalindustrial,25051,CL5007A-50,579.85,530.00
Baldor,electricmotorwholesale,25223,M3607,578.76,450.00
Baldor,electricmotorwholesale,25311,L1405,511.53,425.00
Baldor,electricmotorwholesale,25321,VM3610,549.79,510.00
Baldor,globalindustrial,25194,M3660T,533.40,361.95
Baldor,electricmotorwholesale,25399,VM3211,458.52,370.00
Baldor,electricmotorwholesale,25474,VM3611,584.22,362.00
Baldor,electricmotorwholesale,25512,VL5009A,451.42,418.00
Baldor,electricmotorwholesale,25600,VM3615,667.29,417.00
Baldor,electricmotorwholesale,25673,M3611,475.47,412.00
Baldor,electricmotorwholesale,25727,EM3558,413.34,387.00
Baldor,electricmotorwholesale,25856,EM3554,390.93,375.00
Baldor,electricmotorwholesale,25952,VM3555T,388.02,383.00
Baldor,globalindustrial,25775,M3559T,394.03,391.95
Baldor,globalindustrial,25838,M3611T-9,382.56,371.95
Baldor,globalindustrial,25890,CM3218T,328.95,323.95
Baldor,globalindustrial,25952,VM3555T,388.02,374.95
Baldor,globalindustrial,25964,VM3218T,385.29,382.95
Baldor,electricmotorwholesale,26303,VM3120T,312.60,300.00
Baldor,globalindustrial,26080,M3161T,297.49,290.95
Baldor,globalindustrial,26423,HM3112A,267.12,219.95
Baldor,globalindustrial,26426,MVM5600C-5,297.30,294.95
Baldor,globalindustrial,26476,M3004,257.95,255.95
Baldor,globalindustrial,26490,M3108A,253.58,199.95
Baldor,globalindustrial,26491,RHM3111A,253.58,250.95
Baldor,globalindustrial,26640,MVM5600D,259.59,249.95
Baldor,globalindustrial,26641,MVM5600D-5,259.59,249.95
Baldor,globalindustrial,26730,MVM5550D,242.10,229.95
Baldor,globalindustrial,26731,MVM5550D-5,242.10,229.95
Baldor,globalindustrial,26737,MM5600,247.02,227.95
Baldor,globalindustrial,26738,MM5600-5,247.02,227.95
Baldor,globalindustrial,26741,M3012,205.49,203.95
Baldor,globalindustrial,26744,MVM5550C,236.09,225.95
Baldor,globalindustrial,26745,MVM5550C-5,236.09,225.95
Baldor,globalindustrial,26753,M3111,201.12,199.95
Baldor,globalindustrial,26780,MVM5500D,228.44,217.95
Baldor,globalindustrial,26781,MVM5500D-5,228.44,217.95
Baldor,globalindustrial,26789,MVM5500C,225.16,214.95
Baldor,globalindustrial,26790,MVM5500C-5,225.16,214.95
Baldor,globalindustrial,26794,MVM5450D,220.79,212.95
Baldor,globalindustrial,26795,MVM5450D-5,220.79,212.95
Baldor,globalindustrial,26813,MVM5450C,216.97,207.95
Baldor,globalindustrial,26814,MVM5450C-5,216.97,207.95
Baldor,globalindustrial,26818,CNM20252,186.28,22.80
Baldor,globalindustrial,26820,MM5550,224.62,207.95
Baldor,globalindustrial,26821,MM5550-5,224.62,207.95
Baldor,globalindustrial,26833,MM5500,214.23,203.95
Baldor,globalindustrial,26865,CM3104,178.16,176.95
Baldor,globalindustrial,26886,MVM5350C,194.01,192.95
Baldor,globalindustrial,26887,MVM5350C-5,194.01,192.95
Baldor,globalindustrial,26902,M3107,171.06,169.95
Baldor,globalindustrial,26906,MVM5300D,188.55,187.95
Baldor,globalindustrial,26912,M3454,169.97,168.95
Baldor,globalindustrial,26922,CNM20132,167.43,22.80
Baldor,globalindustrial,26963,MM5400,188.55,179.95
Baldor,globalindustrial,26964,MM5400-5,188.55,179.95
Baldor,globalindustrial,26972,MM5350,184.72,175.95
Baldor,globalindustrial,26973,MM5350-5,184.72,175.95
Baldor,globalindustrial,27006,MVM5150D,168.33,165.95
Baldor,globalindustrial,27007,MVM5150D-5,168.33,165.95
Baldor,globalindustrial,27017,MVM5150C,166.14,160.95
Baldor,globalindustrial,27018,MVM5150C-5,166.14,160.95
Baldor,globalindustrial,27054,MM5100,148.65,138.95
Baldor,globalindustrial,27055,MM5100-5,148.65,138.95
Baldor,electricmotorwholesale,698249,VS1PF210-1,961.89,961.00
Baldor,electricmotorwholesale,698250,VS1PF215-1,1065.17,1064.00
Baldor,electricmotorwholesale,698251,VS1PF220-9,1236.28,1235.00
Baldor,electricmotorwholesale,698252,VS1PF225-9,1579.72,1577.00
Baldor,electricmotorwholesale,698253,VS1PF230-9,2060.06,2057.00
Baldor,electricmotorwholesale,698255,VS1PF27-1,825.00,824.00
Baldor,electricmotorwholesale,698258,VS1PF410-1,961.89,961.00
Baldor,electricmotorwholesale,698264,VS1PF420-9,1277.83,1276.00
Baldor,electricmotorwholesale,698265,VS1PF420-9L,1510.67,1508.00
Baldor,electricmotorwholesale,698267,VS1PF425-9,1510.67,1508.00
Baldor,electricmotorwholesale,698268,VS1PF425-9L,1785.67,1783.00
Baldor,electricmotorwholesale,698269,VS1PF4300-9L,11672.22,11652.00
Baldor,electricmotorwholesale,698270,VS1PF430-9,1991.61,1988.00
Baldor,electricmotorwholesale,698283,VS1PF47-1,790.17,789.00
Baldor,globalindustrial,697314,ZDPM18010C-BV,3695.12,3509.00
Baldor,globalindustrial,697315,ZDPM18015C-BV,3737.01,3546.00
Baldor,globalindustrial,697316,ZDPM18020C-BV,4542.65,3810.00
Baldor,globalindustrial,697317,ZDPM18025C-BV,4553.38,4280.00
Baldor,electricmotorwholesale,698287,VS1PF510-1,1057.83,1056.00
Baldor,globalindustrial,697318,ZDPM18030C-BV,4553.38,4280.00
Baldor,globalindustrial,697319,ZDPM21040-BV,4771.01,4475.00
Baldor,globalindustrial,697320,ZDPM21050-BV,4942.15,4629.00
Baldor,electricmotorwholesale,698290,VS1PF515-1,1133.61,1132.00
Baldor,globalindustrial,697321,ZDPM21060-BV,5413.68,5052.00
Baldor,electricmotorwholesale,698291,VS1PF520-9,1370.11,1368.00
Baldor,globalindustrial,697322,ZDPM25075-BV,8799.00,8178.00
Baldor,electricmotorwholesale,698292,VS1PF525-9,1661.61,1659.00
Baldor,globalindustrial,697323,ZDPM25100-BV,9424.52,8654.00
Baldor,electricmotorwholesale,698293,VS1PF530-9,2190.83,2187.00
Baldor,electricmotorwholesale,698296,VS1PF560-9,3991.09,3701.00
Baldor,electricmotorwholesale,698297,VS1PF57-1,869.00,868.00
Baldor,electricmotorwholesale,699143,L5004A-C,479.29,415.00
Baldor,globalindustrial,698325,VS1PF-RKEYN4,188.22,133.95
Baldor,globalindustrial,698329,VS1PF-T220,385.61,197.95
Baldor,electricmotorwholesale,699178,VBNM3542-D,699.53,676.00
Baldor,electricmotorwholesale,699680,VBM3710T-D,1829.72,1723.00
Baldor,globalindustrial,699226,BNM3554T-D,800.64,778.00
Baldor,globalindustrial,699254,CEM3550T,416.99,405.95
Baldor,electricmotorwholesale,699912,EM7114T,952.02,828.00
Baldor,electricmotorwholesale,699913,EM7142T,1014.33,943.00
Baldor,electricmotorwholesale,699914,EM7144T,1271.19,1136.00
Baldor,electricmotorwholesale,699915,EM7147T,1506.19,1421.00
Baldor,electricmotorwholesale,699958,D2020R,8884.26,8080.00
Baldor,electricmotorwholesale,699962,D2030R,13479.20,9715.00
Baldor,electricmotorwholesale,699964,D2040R-BV,13540.83,12975.00
Baldor,electricmotorwholesale,699978,D50125R-BV,25400.43,24340.00
Baldor,electricmotorwholesale,699979,D50125RS-BV,36554.15,35025.00
Baldor,electricmotorwholesale,699983,D50150UR-BV,30140.98,28380.00
Baldor,electricmotorwholesale,699988,D50200RS-BV,46661.77,44710.00
Baldor,electricmotorwholesale,699989,D5020R,8128.71,8080.00
Baldor,electricmotorwholesale,699999,D5030R,13479.20,9715.00
Baldor,electricmotorwholesale,700004,D5040R,13671.79,11560.00
Baldor,electricmotorwholesale,700005,D5040R-BV,12061.80,11560.00
Baldor,electricmotorwholesale,700008,D5050R,19563.37,12975.00
Baldor,electricmotorwholesale,700009,D5050R-BV,13540.83,12975.00
Baldor,electricmotorwholesale,700011,D5060R,23392.77,14622.00
Baldor,electricmotorwholesale,700021,D51300R-BV,83116.10,79640.00
Baldor,electricmotorwholesale,700022,D5130R-BV,13540.83,12975.00
Baldor,electricmotorwholesale,700025,D51500R-BV,105007.95,100615.00
Baldor,electricmotorwholesale,700035,D5530R,24480.13,23457.00
Baldor,electricmotorwholesale,700037,D5550R,35236.59,33763.00
Baldor,electricmotorwholesale,702023,ECP2395T-4,3988.36,2441.00
Baldor,globalindustrial,699682,VBNM3546T-D,788.07,768.00
Baldor,globalindustrial,699912,EM7114T,952.02,829.00
Baldor,globalindustrial,699913,EM7142T,1014.33,943.00
Baldor,globalindustrial,699915,EM7147T,1506.19,1421.00
Baldor,globalindustrial,699962,D2030R,13479.20,12917.00
Baldor,globalindustrial,699964,D2040R-BV,13540.83,12976.00
Baldor,globalindustrial,699978,D50125R-BV,25400.43,24338.00
Baldor,globalindustrial,699979,D50125RS-BV,36554.15,35024.00
Baldor,globalindustrial,699988,D50200RS-BV,46661.77,44709.00
Baldor,globalindustrial,699999,D5030R,13479.20,12917.00
Baldor,globalindustrial,700005,D5040R-BV,12061.80,11558.00
Baldor,globalindustrial,700009,D5050R-BV,13540.83,12976.00
Baldor,globalindustrial,700011,D5060R,23392.77,22414.00
Baldor,globalindustrial,700022,D5130R-BV,13540.83,12976.00
Baldor,globalindustrial,700025,D51500R-BV,105007.95,100612.00
Baldor,globalindustrial,700035,D5530R,24480.13,23459.00
Baldor,globalindustrial,700037,D5550R,35236.59,33762.00
Baldor,globalindustrial,702070,ECP83664T-5,839.99,752.00
Baldor,williamson,21857,GPP3378,633.80,500.00
Baldor,williamson,22684,ECP4407T-4,13146.88,11306.32
Baldor,williamson,22798,ECP4400T-4,7376.45,6786.33
Baldor,williamson,22846,D2025P,7253.66,5500.00
Baldor,williamson,22898,EM4313T,5367.71,5253.50
Baldor,williamson,22959,D5507P,4989.39,2200.00
Baldor,williamson,22963,EM4310T,4614.17,4516.00
Baldor,williamson,22979,EM2555T-4,4576.88,4479.50
Baldor,williamson,22998,EM4308T,4378.80,3957.58
Baldor,williamson,23018,EM2544T,3903.55,3820.50
Baldor,williamson,23035,EM2551T,3934.21,3850.50
Baldor,williamson,23103,EM2540T,3232.27,3163.50
Baldor,williamson,23114,CD2007P-2,3555.41,1200.00
Baldor,williamson,23130,EM4114T,3284.38,3214.50
Baldor,williamson,23144,EM2547T,3205.20,3137.00
Baldor,williamson,23284,EM2543T,2545.66,2491.50
Baldor,williamson,23294,IDM4103T,2507.35,1400.00
Baldor,williamson,23314,EM2542T,2439.91,2000.00
Baldor,williamson,23360,EM2539T,2307.09,2258.00
Baldor,williamson,23407,EM4108T,2190.61,2144.00
Baldor,williamson,23478,EM4100T,2120.47,1940.00
Baldor,williamson,23503,CEWDM3713T,2044.50,1870.50
Baldor,williamson,23542,EM4107T,1972.36,1804.50
Baldor,williamson,23580,EM2535T,1892.02,1731.00
Baldor,williamson,23591,JPM4107T,1322.94,900.00
Baldor,williamson,23601,EM2534T,1860.33,1702.00
Baldor,williamson,23638,ECP82334T-4,1781.63,1630.00
Baldor,williamson,23667,EM2531T,1730.26,1583.00
Baldor,williamson,23669,EM2531T-8,1772.88,1622.00
Baldor,williamson,23676,CEM2394T,1704.57,1559.00
Baldor,williamson,23721,M2276,1725.34,1400.00
Baldor,williamson,23726,ECTM2333T,1608.93,1472.00
Baldor,williamson,23736,JMM2531T,1129.24,1100.00
Baldor,williamson,23748,EM2332T,1589.80,1454.50
Baldor,williamson,23753,EM2516T,1576.14,1442.00
Baldor,williamson,23774,VJMM2334T,1087.83,750.00
Baldor,williamson,23781,EM2334T-8,1574.50,1440.50
Baldor,williamson,23790,EM4106T,1511.65,1383.00
Baldor,williamson,23820,CDX1850,1512.74,500.00
Baldor,williamson,23836,VM7170T,1508.37,1380.00
Baldor,williamson,23848,EFM2515T,1419.29,1298.50
Baldor,williamson,23850,EM2515T,1419.29,1187.00
Baldor,williamson,23852,EM2515T-8,1454.27,1187.00
Baldor,williamson,23874,CTM2333T,1350.98,1236.00
Baldor,williamson,23884,EM2394T,1377.21,1260.00
Baldor,williamson,23929,EM2514T,1312.72,1201.00
Baldor,williamson,23971,EM2333T-8,1297.97,1187.00
Baldor,williamson,24049,VM7047T,1243.31,1137.75
Baldor,williamson,24050,VM7047T-5,1243.31,1137.75
Baldor,williamson,24055,VP3575D,1226.37,800.00
Baldor,williamson,24077,L3712T,1125.81,1030.00
Baldor,williamson,24093,L3711T,1108.87,1014.50
Baldor,williamson,24102,L1512T,1100.13,946.00
Baldor,williamson,24108,EM2513T-8,1158.60,1060.00
Baldor,williamson,24122,L1511T,1092.48,999.50
Baldor,williamson,24130,EM3314T,1117.62,1022.50
Baldor,williamson,24139,CEM3771T,1108.33,1014.00
Baldor,williamson,24143,VM7073T,1161.88,1063.00
Baldor,williamson,24196,D1154,1095.76,575.00
Baldor,williamson,24240,VM7044T,1074.44,983.00
Baldor,williamson,24241,VM7044T-5,1074.44,983.00
Baldor,williamson,24265,CEWDM3615T,999.57,914.50
Baldor,williamson,24275,VM8008T,1039.47,950.00
Baldor,williamson,24282,ECP3770T,983.17,899.50
Baldor,williamson,24332,L3710T,917.59,839.50
Baldor,williamson,24334,VM3314T,987.55,903.50
Baldor,williamson,24347,L3709T,904.48,827.50
Baldor,williamson,24361,EM3774T,921.97,843.50
Baldor,williamson,24391,L1509T,866.22,744.95
Baldor,williamson,24433,EM3769T,853.10,780.50
Baldor,williamson,24481,VM3711T,867.86,794.00
Baldor,williamson,24508,M1706T,793.53,726.00
Baldor,williamson,24516,EM3711T,811.57,742.50
Baldor,williamson,24525,CSSEWDM3546T,852.56,780.00
Baldor,williamson,24546,EM3709T,800.64,732.50
Baldor,williamson,24552,EM3313T-8,817.58,748.00
Baldor,williamson,24566,CEWDM3559T,792.99,725.50
Baldor,williamson,24583,EM3312T,786.98,720.00
Baldor,williamson,24597,L1510T,753.64,649.00
Baldor,williamson,24605,CSSWDM3554,793.53,726.00
Baldor,williamson,24619,VL3609T,746.53,683.00
Baldor,williamson,24625,M3711T,654.48,605.00
Baldor,williamson,24635,VM3708T,795.17,727.00
Baldor,williamson,24647,L3612TM,731.78,669.50
Baldor,williamson,24678,EM3663T,737.24,674.50
Baldor,williamson,24680,EM3704T,737.24,674.50
Baldor,williamson,24699,EM3710T,632.16,623.22
Baldor,williamson,24703,M3704,688.06,629.50
Baldor,williamson,24715,L3608T,702.27,642.50
Baldor,williamson,24716,VL3605,715.38,654.50
Baldor,williamson,24731,EM7034T,716.48,655.50
Baldor,williamson,24749,L3708T,694.62,635.50
Baldor,williamson,24770,EM7014T,691.88,633.00
Baldor,williamson,24777,EM3219T,688.06,629.50
Baldor,williamson,24805,EM3664T,676.03,618.50
Baldor,williamson,24811,CM3313T,575.52,530.00
Baldor,williamson,24822,CEM3661T,670.02,613.00
Baldor,williamson,24823,CEM3661T-5,670.02,613.00
Baldor,williamson,24858,EM3311T,658.38,649.07
Baldor,williamson,24860,EM3311T-8,676.03,618.50
Baldor,williamson,24872,VM7037,636.69,629.50
Baldor,williamson,24876,VM7037T,688.06,629.50
Baldor,williamson,24886,VL3605T,632.31,578.50
Baldor,williamson,24916,VBM3116T,693.52,299.00
Baldor,williamson,24945,VM3616T,664.01,607.50
Baldor,williamson,24955,M3307,594.06,450.00
Baldor,williamson,24968,L5005A,604.99,400.00
Baldor,williamson,24978,EM3665T,630.13,576.50
Baldor,williamson,24979,EM3665T-5,630.13,576.50
Baldor,williamson,25023,EM3305T,604.99,553.50
Baldor,williamson,25039,EM3660T,598.98,561.50
Baldor,williamson,25040,EM3660T-8,613.73,561.50
Baldor,williamson,25042,L3609T,582.03,532.50
Baldor,williamson,25062,M7007A,572.20,375.00
Baldor,williamson,25100,L1409T,560.72,482.50
Baldor,williamson,25119,CEWDM3546,570.56,522.00
Baldor,williamson,25154,VM7014,547.06,500.50
Baldor,williamson,25174,VM3613,524.65,480.00
Baldor,williamson,25179,L5023T,535.58,245.00
Baldor,williamson,25240,EM3613T,534.49,489.00
Baldor,williamson,25263,CM7006A,512.63,469.00
Baldor,williamson,25270,M3208,497.87,455.00
Baldor,williamson,25281,L3606T,510.44,467.00
Baldor,williamson,25299,EM3586T,554.16,507.00
Baldor,williamson,25336,L3605T,494.59,452.50
Baldor,williamson,25344,EM3615T,438.13,431.93
Baldor,williamson,25359,EM3615T-5,438.13,431.93
Baldor,williamson,25360,CDPWD3316,353.02,300.00
Baldor,williamson,25363,JMM3615T-5,526.84,482.00
Baldor,williamson,25365,L3508T,488.03,446.50
Baldor,williamson,25387,L1430T,482.57,369.95
Baldor,williamson,25417,M3560,471.09,431.00
Baldor,williamson,25418,L1406T,471.09,431.00
Baldor,williamson,25421,VM7005A,470.55,430.50
Baldor,williamson,25439,M3219T-8,477.10,436.50
Baldor,williamson,25464,VWDM3558,461.26,422.00
Baldor,williamson,25487,CWDL3510,453.06,414.50
Baldor,williamson,25492,CL5004A,452.51,414.00
Baldor,williamson,25498,JPM3610T,327.77,299.00
Baldor,williamson,25501,CL5001A,451.97,408.50
Baldor,williamson,25509,EM3207T,465.08,425.50
Baldor,williamson,25522,M3211,437.76,400.50
Baldor,williamson,25528,EM3611T,400.47,394.80
Baldor,williamson,25538,EM3611T-5,400.47,394.80
Baldor,williamson,25555,L1408T,444.86,382.50
Baldor,williamson,25583,VL3515,437.76,400.50
Baldor,williamson,25590,EM3218T,448.14,441.80
Baldor,williamson,25591,EM3218T-5,448.14,441.80
Baldor,williamson,25592,EM3218T-8,460.16,421.00
Baldor,williamson,25594,JMM3559T-5,471.09,431.00
Baldor,williamson,25603,L1322TM,436.12,399.00
Baldor,williamson,25610,L3515T,435.57,398.50
Baldor,williamson,25616,VWDM3554,434.48,397.50
Baldor,williamson,25630,CWDM3550,427.37,391.00
Baldor,williamson,25650,JMM3212T-5,455.79,417.00
Baldor,williamson,25658,VL5006A,421.36,385.50
Baldor,williamson,25663,M3536,419.72,384.00
Baldor,williamson,25685,L1320T,414.26,379.00
Baldor,williamson,25701,L1405T,410.98,376.00
Baldor,williamson,25703,VM3559T,442.67,405.00
Baldor,williamson,25718,EM3558T-8,427.92,391.50
Baldor,williamson,25729,JMM3218T-5,434.48,397.50
Baldor,williamson,25743,L1322T,400.59,344.51
Baldor,williamson,25748,M3203,389.66,356.50
Baldor,williamson,25753,EM3211T,409.05,403.26
Baldor,williamson,25754,EM3211T-5,409.05,403.26
Baldor,williamson,25755,EM3211T-8,420.27,384.50
Baldor,williamson,25765,VM3561,396.77,363.00
Baldor,williamson,25777,MVM3555D,394.03,300.00
Baldor,williamson,25780,M7006A,392.94,355.00
Baldor,williamson,25794,CSWDM3538,390.76,357.50
Baldor,williamson,25806,JPM3555T,287.05,150.00
Baldor,williamson,25817,JM3559,386.38,353.50
Baldor,williamson,25818,L1317,386.38,332.29
Baldor,williamson,25823,EM3158T,397.31,363.50
Baldor,williamson,25839,M3615T-8,392.40,359.00
Baldor,williamson,25847,IR3510M,381.47,349.00
Baldor,williamson,25852,EM3155T,392.40,359.00
Baldor,williamson,25857,WDM3546T,380.37,348.00
Baldor,williamson,25858,VM3559,378.73,346.50
Baldor,williamson,25859,VM3559-5,378.73,346.50
Baldor,williamson,25865,M7002A,377.64,345.50
Baldor,williamson,25889,L3576M,380.37,348.00
Baldor,williamson,25893,JMM3211T-5,401.69,367.50
Baldor,williamson,25894,JPM3211T,268.12,200.00
Baldor,williamson,25897,L5001A,371.08,319.13
Baldor,williamson,25906,EM3157T-8,390.21,357.00
Baldor,williamson,25914,VM3212T,396.77,363.00
Baldor,williamson,25915,L3510A,367.26,336.00
Baldor,williamson,25934,GC3328,377.40,300.00
Baldor,williamson,25952,VM3555T,388.02,355.00
Baldor,williamson,25960,VL1319,357.42,327.00
Baldor,williamson,25967,JM3555,355.78,325.50
Baldor,williamson,25989,VL3514,353.59,323.50
Baldor,williamson,25999,VEM3545,362.34,331.50
Baldor,williamson,26011,VM3161T,375.45,343.50
Baldor,williamson,26013,L1319,346.49,297.00
Baldor,williamson,26026,EM3154T-8,363.43,332.50
Baldor,williamson,26033,MVM3545D,343.76,150.00
Baldor,williamson,26035,M3555T,302.64,150.00
Baldor,williamson,26051,L3514,341.57,312.50
Baldor,williamson,26067,VM3158T,366.71,296.00
Baldor,williamson,26068,CWDL3504,338.84,310.00
Baldor,williamson,26071,VM3543,338.84,310.00
Baldor,williamson,26079,MVM3545C,338.29,250.00
Baldor,williamson,26085,VM8001,334.47,306.00
Baldor,williamson,26101,VM3539,331.19,303.00
Baldor,williamson,26120,L1319T,327.36,299.50
Baldor,williamson,26123,L3507A,326.81,299.00
Baldor,williamson,26124,M3543,326.81,299.00
Baldor,williamson,26126,VM3555,326.81,299.00
Baldor,williamson,26128,M3543T,326.81,299.00
Baldor,williamson,26129,M3543T-5,326.81,150.00
Baldor,williamson,26146,VM3158,323.53,296.00
Baldor,williamson,26154,M3539,320.26,300.00
Baldor,williamson,26168,CJL1313A,316.98,290.00
Baldor,williamson,26170,M3555,316.43,289.50
Baldor,williamson,26173,JL1313A,315.88,289.00
Baldor,williamson,26174,RL1310A,315.88,285.00
Baldor,williamson,26176,VM3155,315.34,288.50
Baldor,williamson,26188,VL3510,312.06,285.50
Baldor,williamson,26205,VM3109,308.23,115.00
Baldor,williamson,26213,L1318T,306.59,280.50
Baldor,williamson,26214,MVM3542C,304.41,275.00
Baldor,williamson,26217,CM3558,303.31,277.50
Baldor,williamson,26219,M3155,303.31,277.50
Baldor,williamson,26229,L3407,302.22,276.50
Baldor,williamson,26231,L4003A,302.22,276.50
Baldor,williamson,26249,RM3116A,298.40,273.00
Baldor,williamson,26266,L3510,295.66,270.50
Baldor,williamson,26275,M3211T-8,301.67,276.00
Baldor,williamson,26283,VM3550,293.48,268.50
Baldor,williamson,26285,MVM3463D,292.93,200.00
Baldor,williamson,26290,JM3120,290.74,266.00
Baldor,williamson,26291,L1313,290.74,250.00
Baldor,williamson,26326,JL3509A,285.28,261.00
Baldor,williamson,26340,CM3554,283.09,259.00
Baldor,williamson,26341,CM3554-5,283.09,259.00
Baldor,williamson,26350,MVM3460D,280.91,150.00
Baldor,williamson,26363,VL1310,279.81,256.00
Baldor,williamson,26383,L3404,274.90,251.50
Baldor,williamson,26384,MVM3460C,274.90,190.00
Baldor,williamson,26399,VM3120,271.07,234.50
Baldor,williamson,26421,RM3111A,267.74,195.00
Baldor,williamson,26435,L1302,266.15,243.50
Baldor,williamson,26448,VL3509,262.87,240.50
Baldor,williamson,26461,L3507,260.69,238.50
Baldor,williamson,26466,CM3546,260.14,238.00
Baldor,williamson,26469,M3120,260.14,238.00
Baldor,williamson,26470,MM3550,260.14,199.00
Baldor,williamson,26476,M3004,257.95,236.00
Baldor,williamson,26480,MVM3458C,257.95,125.00
Baldor,williamson,26487,VL1307,256.86,235.00
Baldor,williamson,26491,RHM3111A,253.58,195.00
Baldor,williamson,26498,M3008,252.49,231.00
Baldor,williamson,26500,RM3112,252.49,231.00
Baldor,williamson,26539,L1307,245.93,225.00
Baldor,williamson,26546,JM3115,243.74,223.00
Baldor,williamson,26560,CL3504,242.10,221.50
Baldor,williamson,26567,M3452,239.92,219.50
Baldor,williamson,26569,M3013,238.83,222.87
Baldor,williamson,26575,M3546,206.43,203.51
Baldor,williamson,26577,VL3504,237.73,217.50
Baldor,williamson,26604,RHM3115,232.81,99.00
Baldor,williamson,26611,RM3111,230.63,175.00
Baldor,williamson,26612,VM3541,230.63,211.00
Baldor,williamson,26625,VL3506,228.44,209.00
Baldor,williamson,26626,M3542,198.33,195.52
Baldor,williamson,26634,L3406M,226.26,207.00
Baldor,williamson,26647,L1209,224.07,205.00
Baldor,williamson,26655,CJL1306A,222.98,204.00
Baldor,williamson,26658,MM3461,221.34,200.00
Baldor,williamson,26665,M3463,220.24,160.00
Baldor,williamson,26668,VM3112,191.17,188.47
Baldor,williamson,26686,CHC3413A,218.06,199.50
Baldor,williamson,26688,L3506,218.06,199.53
Baldor,williamson,26690,RL1306A,218.06,199.50
Baldor,williamson,26697,CM3537,214.23,196.00
Baldor,williamson,26706,VM3537,210.95,181.42
Baldor,williamson,26712,VL1304,210.41,192.50
Baldor,williamson,26719,CL3503,207.67,190.00
Baldor,williamson,26722,JM3460,207.67,190.00
Baldor,williamson,26723,L1306A,207.67,190.00
Baldor,williamson,26724,VL1306,207.67,190.00
Baldor,williamson,26728,L1309,207.13,178.13
Baldor,williamson,26729,M3458,207.13,189.50
Baldor,williamson,26752,CM3108,201.66,184.50
Baldor,williamson,26753,M3111,201.12,184.00
Baldor,williamson,26761,M3460,200.02,183.00
Baldor,williamson,26768,KL3403,198.38,181.50
Baldor,williamson,26769,L1304,199.48,182.50
Baldor,williamson,26772,VM3108,173.06,170.61
Baldor,williamson,26779,MM3463,197.84,180.00
Baldor,williamson,26787,L3408,193.47,177.00
Baldor,williamson,26791,EL1203,199.48,182.50
Baldor,williamson,26793,L3501,192.92,176.50
Baldor,williamson,26798,JM3457,191.83,175.50
Baldor,williamson,26800,VL1301,191.28,159.00
Baldor,williamson,26860,KM3454,179.80,163.00
Baldor,williamson,26881,RM3009,175.43,110.00
Baldor,williamson,26882,VM3104,152.56,150.40
Baldor,williamson,26893,VL1303,173.79,159.00
Baldor,williamson,26895,M3457,172.70,158.00
Baldor,williamson,26902,M3107,171.06,110.00
Baldor,williamson,26912,M3454,169.97,155.50
Baldor,williamson,26960,L1303,161.77,148.00
Baldor,williamson,699248,CEM3212T,471.09,431.00
Baldor,williamson,699252,CEM3313T,886.44,811.00
Baldor,williamson,699255,CEM3555T,454.15,415.50
Baldor,williamson,699257,CEM3559T,506.62,463.50
Baldor,williamson,699258,CEM3559T-5,506.62,463.50
Baldor,williamson,699262,CEM3613T,549.00,525.00
Baldor,williamson,699263,CEM3613T-5,574.38,525.00
Baldor,williamson,699264,CEM3614T,604.44,553.00
Baldor,williamson,699265,CEM3616T,743.80,680.50
Baldor,williamson,699267,CEM3704T,811.02,697.48
Baldor,williamson,699315,CTM1760T,1888.20,1727.50
Baldor,williamson,699420,EM2333T-G,1399.62,1208.50
Baldor,williamson,699422,EM2334T-G,1667.95,1526.00
Baldor,williamson,699424,EM2513T-G,1432.95,1183.50
Baldor,williamson,699427,EM2515T-G,1559.20,1426.50
Baldor,williamson,699430,EM2531T-G,1900.22,1583.00
Baldor,williamson,699433,EM2535T-G,2061.99,1731.00
Baldor,williamson,699438,EM2539T-G,2510.92,2457.50
Baldor,williamson,699443,EM2543T-G,2750.01,2491.50
Baldor,williamson,699458,EM2555T,4576.88,4479.50
Baldor,williamson,699479,EM3218T-G,603.35,552.00
Baldor,williamson,699480,EM3311T-G,854.20,781.50
Baldor,williamson,699481,EM3313T-G,1013.78,927.50
Baldor,williamson,699485,EM3556T,462.35,423.00
Baldor,williamson,699488,EM3559T,476.01,435.50
Baldor,williamson,699489,EM3559T-5,487.49,435.50
Baldor,williamson,699491,EM3613T-5,534.49,489.00
Baldor,williamson,699492,EM3615T-G,592.42,542.00
Baldor,williamson,699495,EM3704T-5,737.24,674.50
Baldor,williamson,699497,EM3710T-G,824.14,754.00
Baldor,williamson,699501,EM4103T-G,2169.65,1828.50
Baldor,williamson,699504,EM4110T-12,2967.13,2836.50
Baldor,williamson,699506,EM4115T-12,3237.89,3099.50
Baldor,williamson,699507,EM4115T-G,3371.23,3099.50
Baldor,williamson,699514,EM7018T,632.86,579.00
Baldor,williamson,699515,EM7018T-5,632.86,579.00
Baldor,williamson,699530,EM7072T,953.66,872.50
Baldor,williamson,699531,EM7072T-5,953.66,872.50
Baldor,williamson,699562,JMM2506T,879.88,699.00
Baldor,williamson,699707,VEM3611T-5,562.91,479.00
Baldor,williamson,699708,VEM3613T,565.64,517.50
Baldor,williamson,699709,VEM3613T-5,565.64,517.50
Baldor,williamson,699710,VEM3615T-5,613.73,525.50
Baldor,williamson,699886,EM4115TS,3208.77,3099.50
Baldor,williamson,699898,EM7042T,830.70,760.00
Baldor,williamson,699899,EM7042T-5,830.70,760.00
Baldor,williamson,699900,EM7044T,1029.08,941.50
Baldor,williamson,699901,EM7044T-5,1029.08,941.50
Baldor,williamson,699913,EM7142T,1014.33,928.00
Baldor,williamson,702045,ECP4400TS-4,7376.45,6786.33
Baldor,williamson,702047,ECP4407TS-4,13146.88,11306.32
Baldor,williamson,702282,VM7047T-I,1243.31,1137.75
Baldor,williamson,702337,CEWDM3615T-5,999.57,914.50
